ub,risk,ls,1,2,3,4,5,6,7,8,9,10,11,12,13,14,15,16,17,18,19,20,21,22,23,24,25,26,27,28,29,30,31,32,33,34,35,36,37,38,39,40,41,42,43,44,45,46,47,48,49,50,51
0.0,0.0,33.23,0.28,0.16999999999999993,1.8,0.0,0.0,0.56,0.0,0.0,1.75,1.95,2.65,0.0,0.0,0.0,0.0,0.0,0.0,0.0,0.0,0.0,0.0,0.0,0.0,0.0,0.0,0.0,0.0,0.0,0.0,0.0,0.0,0.0,0.0,0.0,1.08,0.97,1.8,0.74,0.71,1.36,0.1499999999999999,1.71,1.75,1.95,2.65,1.94,3.17,1.0,0.0,1.81,1.28
0.45226130653266333,0.0,33.23,0.28,0.16999999999999993,1.8,0.0,0.0,0.56,0.0,0.0,1.75,1.95,2.65,0.0,0.0,0.0,0.0,0.0,0.0,0.0,0.0,0.0,0.0,0.0,0.0,0.0,0.0,0.0,0.0,0.0,0.0,0.0,0.0,0.0,0.0,0.0,1.08,0.97,1.8,0.74,0.71,1.36,0.1499999999999999,1.71,1.75,1.95,2.65,1.94,3.17,1.0,0.0,1.81,1.28
0.9045226130653267,0.0,33.23,0.28,0.16999999999999993,1.8,0.0,0.0,0.56,0.0,0.0,1.75,1.95,2.65,0.0,0.0,0.0,0.0,0.0,0.0,0.0,0.0,0.0,0.0,0.0,0.0,0.0,0.0,0.0,0.0,0.0,0.0,0.0,0.0,0.0,0.0,0.0,1.08,0.97,1.8,0.74,0.71,1.36,0.1499999999999999,1.71,1.75,1.95,2.65,1.94,3.17,1.0,0.0,1.81,1.28
1.35678391959799,1.0,30.060000000000002,0.28,0.16999999999999993,1.8,0.0,0.0,0.56,0.0,0.0,1.75,1.95,2.65,0.0,0.0,0.0,0.0,0.0,0.0,0.0,0.0,0.0,0.0,0.0,0.0,0.0,0.0,0.0,0.0,0.0,0.0,0.0,0.0,0.0,0.0,0.0,1.08,0.97,1.8,0.74,0.71,1.36,0.1499999999999999,1.71,1.75,1.95,2.65,1.94,0.0,1.0,0.0,1.81,1.28
1.8090452261306533,1.0,30.060000000000002,0.28,0.16999999999999993,1.8,0.0,0.0,0.56,0.0,0.0,1.75,1.95,2.65,0.0,0.0,0.0,0.0,0.0,0.0,0.0,0.0,0.0,0.0,0.0,0.0,0.0,0.0,0.0,0.0,0.0,0.0,0.0,0.0,0.0,0.0,0.0,1.08,0.97,1.8,0.74,0.71,1.36,0.1499999999999999,1.71,1.75,1.95,2.65,1.94,0.0,1.0,0.0,1.81,1.28
2.2613065326633164,2.12,27.409999999999997,0.28,0.16999999999999993,1.8,0.0,0.0,0.56,0.0,0.0,1.75,1.95,0.0,0.0,0.0,0.0,0.0,0.0,0.0,0.0,0.0,0.0,0.0,0.0,0.0,0.0,0.0,0.0,0.0,0.0,0.0,0.0,0.0,0.0,0.0,0.0,1.08,0.97,1.8,0.74,0.71,1.36,0.1499999999999999,1.71,1.75,1.95,2.65,1.94,0.0,1.0,0.0,1.81,1.28
2.71356783919598,2.62,27.409999999999997,0.28,0.16999999999999993,1.8,0.0,0.0,0.56,0.0,0.0,1.75,1.95,0.0,0.0,0.0,0.0,0.0,0.0,0.0,0.0,0.0,0.0,0.0,0.0,0.0,0.0,0.0,0.0,0.0,0.0,0.0,0.0,0.0,0.0,0.0,0.0,1.08,0.97,1.8,0.74,0.71,1.36,0.1499999999999999,1.71,1.75,1.95,2.65,1.94,0.0,1.0,0.0,1.81,1.28
3.1658291457286434,3.12,26.33,0.28,0.16999999999999993,1.8,0.0,0.0,0.56,0.0,0.0,1.75,1.95,0.0,0.0,0.0,0.0,0.0,0.0,0.0,0.0,0.0,0.0,0.0,0.0,0.0,0.0,0.0,0.0,0.0,0.0,0.0,0.0,0.0,0.0,0.0,0.0,0.0,0.97,1.8,0.74,0.71,1.36,0.1499999999999999,1.71,1.75,1.95,2.65,1.94,0.0,1.0,0.0,1.81,1.28
3.6180904522613067,3.12,26.33,0.28,0.16999999999999993,1.8,0.0,0.0,0.56,0.0,0.0,1.75,1.95,0.0,0.0,0.0,0.0,0.0,0.0,0.0,0.0,0.0,0.0,0.0,0.0,0.0,0.0,0.0,0.0,0.0,0.0,0.0,0.0,0.0,0.0,0.0,0.0,0.0,0.97,1.8,0.74,0.71,1.36,0.1499999999999999,1.71,1.75,1.95,2.65,1.94,0.0,1.0,0.0,1.81,1.28
4.0703517587939695,4.0,25.78,0.28,0.16999999999999993,1.8,0.0,0.0,0.56,0.0,0.0,1.75,1.95,0.44999999999999973,0.0,0.0,0.0,0.0,0.0,0.0,0.0,0.0,0.0,0.0,0.0,0.0,0.0,0.0,0.0,0.0,0.0,0.0,0.0,0.0,0.0,0.0,0.0,0.0,0.97,1.8,0.74,0.71,1.36,0.1499999999999999,1.71,1.75,1.95,2.65,1.94,0.0,0.0,0.0,1.81,1.28
4.522613065326633,4.52,24.6,0.28,0.16999999999999993,1.8,0.0,0.0,0.56,0.0,0.0,1.75,1.95,0.0,0.0,0.0,0.0,0.0,0.0,0.0,0.0,0.0,0.0,0.0,0.0,0.0,0.0,0.0,0.0,0.0,0.0,0.0,0.0,0.0,0.0,0.0,0.0,1.08,0.97,1.8,0.74,0.71,1.36,0.1499999999999999,1.71,1.75,1.95,2.65,1.94,0.0,0.0,0.0,0.0,1.28
4.974874371859296,4.52,24.6,0.28,0.16999999999999993,1.8,0.0,0.0,0.56,0.0,0.0,1.75,1.95,0.0,0.0,0.0,0.0,0.0,0.0,0.0,0.0,0.0,0.0,0.0,0.0,0.0,0.0,0.0,0.0,0.0,0.0,0.0,0.0,0.0,0.0,0.0,0.0,1.08,0.97,1.8,0.74,0.71,1.36,0.1499999999999999,1.71,1.75,1.95,2.65,1.94,0.0,0.0,0.0,0.0,1.28
5.42713567839196,5.4,23.97,0.28,0.16999999999999993,1.8,0.0,0.0,0.56,0.0,0.0,1.75,1.95,0.44999999999999973,0.0,0.0,0.0,0.0,0.0,0.0,0.0,0.0,0.0,0.0,0.0,0.0,0.0,0.0,0.0,0.0,0.0,0.0,0.0,0.0,0.0,0.0,0.0,0.0,0.97,1.8,0.74,0.71,1.36,0.1499999999999999,1.71,1.75,1.95,2.65,1.94,0.0,0.0,0.0,0.0,1.28
5.8793969849246235,5.52,23.520000000000003,0.28,0.16999999999999993,1.8,0.0,0.0,0.56,0.0,0.0,1.75,1.95,0.0,0.0,0.0,0.0,0.0,0.0,0.0,0.0,0.0,0.0,0.0,0.0,0.0,0.0,0.0,0.0,0.0,0.0,0.0,0.0,0.0,0.0,0.0,0.0,0.0,0.97,1.8,0.74,0.71,1.36,0.1499999999999999,1.71,1.75,1.95,2.65,1.94,0.0,0.0,0.0,0.0,1.28
6.331658291457287,6.24,24.32,0.28,0.16999999999999993,1.8,0.0,0.0,0.56,0.0,0.83,1.75,1.08,0.0,0.0,0.0,0.0,0.0,0.0,0.0,0.0,0.0,0.0,0.0,0.0,0.0,0.0,0.0,0.0,0.0,0.0,0.0,0.0,0.0,0.0,0.0,0.0,0.0,0.0,1.8,0.74,0.71,1.36,0.1499999999999999,1.71,1.75,1.95,2.65,1.94,0.0,0.0,0.0,1.81,1.28
6.78391959798995,6.52,22.549999999999997,0.28,0.16999999999999993,1.8,0.0,0.0,0.56,0.0,0.0,1.75,1.95,0.0,0.0,0.0,0.0,0.0,0.0,0.0,0.0,0.0,0.0,0.0,0.0,0.0,0.0,0.0,0.0,0.0,0.0,0.0,0.0,0.0,0.0,0.0,0.0,0.0,0.0,1.8,0.74,0.71,1.36,0.1499999999999999,1.71,1.75,1.95,2.65,1.94,0.0,0.0,0.0,0.0,1.28
7.236180904522613,6.9,22.549999999999997,0.28,0.16999999999999993,1.8,0.0,0.0,0.56,0.0,0.0,1.75,1.95,0.0,0.0,0.0,0.0,0.0,0.0,0.0,0.0,0.0,0.0,0.0,0.0,0.0,0.0,0.0,0.0,0.0,0.0,0.0,0.0,0.0,0.0,0.0,0.0,0.0,0.0,1.8,0.74,0.71,1.36,0.1499999999999999,1.71,1.75,1.95,2.65,1.94,0.0,0.0,0.0,0.0,1.28
7.688442211055277,7.64,22.509999999999998,0.28,0.16999999999999993,1.8,0.0,0.0,0.56,0.0,0.83,1.75,1.08,0.0,0.0,0.0,0.0,0.0,0.0,0.0,0.0,0.0,0.0,0.0,0.0,0.0,0.0,0.0,0.0,0.0,0.0,0.0,0.0,0.0,0.0,0.0,0.0,0.0,0.0,1.8,0.74,0.71,1.36,0.1499999999999999,1.71,1.75,1.95,2.65,1.94,0.0,0.0,0.0,0.0,1.28
8.140703517587939,7.79,22.509999999999998,0.2500000000000001,0.14,1.8,0.0,0.0,0.5300000000000001,0.0,0.88,1.75,1.12,0.0,0.0,0.0,0.0,0.0,0.0,0.0,0.0,0.0,0.0,0.0,0.0,0.0,0.0,0.0,0.0,0.0,0.0,0.0,0.0,0.0,0.0,0.0,0.0,0.0,0.0,1.8,0.74,0.71,1.36,0.1499999999999999,1.71,1.75,1.95,2.65,1.94,0.0,0.0,0.0,0.0,1.28
8.592964824120603,8.52,22.130000000000003,0.28,0.16999999999999993,1.8,0.0,0.0,0.56,0.0,0.0,1.75,1.95,0.0,0.0,0.0,0.0,0.0,0.0,0.0,0.0,0.0,0.0,0.0,0.0,0.0,0.0,0.0,0.0,0.0,0.0,0.0,0.0,0.0,0.0,0.0,0.0,0.33000000000000007,0.0,1.05,0.74,0.71,1.36,0.1499999999999999,1.71,1.75,1.95,2.65,1.94,0.0,0.0,0.0,0.0,1.28
9.045226130653266,8.91,22.509999999999998,0.3800000000000001,0.27,1.8,0.040000000000000036,0.010000000000000009,0.6600000000000001,0.0,1.01,1.05,1.25,0.0,0.0,0.0,0.0,0.0,0.0,0.0,0.0,0.0,0.0,0.0,0.0,0.0,0.0,0.0,0.0,0.0,0.0,0.0,0.0,0.0,0.0,0.0,0.0,0.0,0.0,1.8,0.74,0.71,1.36,0.1499999999999999,1.71,1.75,1.95,2.65,1.94,0.0,0.0,0.0,0.0,1.28
9.49748743718593,9.06,22.509999999999998,0.3800000000000001,0.27,1.8,0.040000000000000036,0.010000000000000009,0.6600000000000001,0.0,1.01,1.05,1.25,0.0,0.0,0.0,0.0,0.0,0.0,0.0,0.0,0.0,0.0,0.0,0.0,0.0,0.0,0.0,0.0,0.0,0.0,0.0,0.0,0.0,0.0,0.0,0.0,0.0,0.0,1.8,0.74,0.71,1.36,0.1499999999999999,1.71,1.75,1.95,2.65,1.94,0.0,0.0,0.0,0.0,1.28
9.949748743718592,9.79,22.090000000000003,0.2500000000000001,0.14,1.8,0.0,0.0,0.5300000000000001,0.0,0.88,1.75,1.12,0.0,0.0,0.0,0.0,0.0,0.0,0.0,0.0,0.0,0.0,0.0,0.0,0.0,0.0,0.0,0.0,0.0,0.0,0.0,0.0,0.0,0.0,0.0,0.0,0.33000000000000007,0.0,1.05,0.74,0.71,1.36,0.1499999999999999,1.71,1.75,1.95,2.65,1.94,0.0,0.0,0.0,0.0,1.28
10.402010050251256,10.26,22.520000000000003,0.28,0.16999999999999993,1.8,0.0,0.0,0.56,0.0,1.13,1.17,1.37,0.0,0.0,0.0,0.0,0.0,0.0,0.0,0.0,0.0,0.0,0.0,0.0,0.0,0.0,0.0,0.0,0.0,0.0,0.0,0.0,0.0,0.0,0.0,0.0,0.0,0.0,1.8,0.74,0.71,1.36,0.7,1.16,1.75,1.95,2.65,1.94,0.0,0.0,0.0,0.0,1.28
10.85427135678392,10.76,22.1,0.28,0.16999999999999993,1.8,0.0,0.0,0.56,0.0,1.13,1.17,1.37,0.0,0.0,0.0,0.0,0.0,0.0,0.0,0.0,0.0,0.0,0.0,0.0,0.0,0.0,0.0,0.0,0.0,0.0,0.0,0.0,0.0,0.0,0.0,0.0,0.33000000000000007,0.0,1.05,0.74,0.71,1.36,0.1499999999999999,1.71,1.75,1.95,2.65,1.94,0.0,0.0,0.0,0.0,1.28
11.306532663316583,11.21,22.090000000000003,0.3800000000000001,0.27,1.8,0.040000000000000036,0.010000000000000009,0.6600000000000001,0.0,1.01,1.05,1.25,0.0,0.0,0.0,0.0,0.0,0.0,0.0,0.0,0.0,0.0,0.0,0.0,0.0,0.0,0.0,0.0,0.0,0.0,0.0,0.0,0.0,0.0,0.0,0.0,0.33000000000000007,0.0,1.05,0.74,0.71,1.36,0.1499999999999999,1.71,1.75,1.95,2.65,1.94,0.0,0.0,0.0,0.0,1.28
11.758793969849247,11.64,21.03,0.28,0.16999999999999993,1.8,0.0,0.0,0.56,0.0,1.13,1.17,1.37,0.44999999999999973,0.0,0.0,0.0,0.0,0.0,0.0,0.0,0.0,0.0,0.0,0.0,0.0,0.0,0.0,0.0,0.0,0.0,0.0,0.0,0.0,0.0,0.0,0.0,0.0,0.0,1.8,0.74,0.71,1.36,0.1499999999999999,1.71,1.75,1.95,2.65,0.0,0.0,0.0,0.0,0.0,1.28
12.21105527638191,12.14,22.549999999999997,0.28,0.16999999999999993,1.8,0.0,0.0,0.56,0.0,1.13,1.17,1.37,0.44999999999999973,0.0,0.0,0.0,0.0,0.0,0.0,0.0,0.0,0.0,0.0,0.0,0.0,0.0,0.0,0.0,0.0,0.0,0.0,0.0,0.0,0.0,0.0,0.0,0.33000000000000007,0.0,1.05,0.74,0.71,1.36,0.7,1.16,1.75,1.95,2.65,1.94,0.0,0.0,0.0,0.0,1.28
12.663316582914574,12.44,22.090000000000003,0.3800000000000001,0.27,1.8,0.040000000000000036,0.010000000000000009,0.6600000000000001,0.0,1.01,1.05,1.25,0.0,0.0,0.0,0.0,0.0,0.0,0.0,0.0,0.0,0.0,0.0,0.0,0.0,0.0,0.0,0.0,0.0,0.0,0.0,0.0,0.0,0.0,0.0,0.0,0.33000000000000007,0.0,1.05,0.74,0.71,1.36,0.7,1.16,1.75,1.95,2.65,1.94,0.0,0.0,0.0,0.0,1.28
13.115577889447236,12.59,22.090000000000003,0.3800000000000001,0.27,1.8,0.040000000000000036,0.010000000000000009,0.6600000000000001,0.0,1.01,1.05,1.25,0.0,0.0,0.0,0.0,0.0,0.0,0.0,0.0,0.0,0.0,0.0,0.0,0.0,0.0,0.0,0.0,0.0,0.0,0.0,0.0,0.0,0.0,0.0,0.0,0.33000000000000007,0.0,1.05,0.74,0.71,1.36,0.7,1.16,1.75,1.95,2.65,1.94,0.0,0.0,0.0,0.0,1.28
13.5678391959799,13.44,20.569999999999993,0.3800000000000001,0.27,1.8,0.040000000000000036,0.010000000000000009,0.6600000000000001,0.0,1.01,1.05,1.25,0.0,0.0,0.0,0.0,0.0,0.0,0.0,0.0,0.0,0.0,0.0,0.0,0.0,0.0,0.0,0.0,0.0,0.0,0.0,0.0,0.0,0.0,0.0,0.0,0.0,0.0,1.8,0.74,0.71,1.36,0.7,1.16,1.75,1.95,2.65,0.0,0.0,0.0,0.0,0.0,1.28
14.020100502512562,13.94,20.150000000000006,0.3800000000000001,0.27,1.8,0.040000000000000036,0.010000000000000009,0.6600000000000001,0.0,1.01,1.05,1.25,0.0,0.0,0.0,0.0,0.0,0.0,0.0,0.0,0.0,0.0,0.0,0.0,0.0,0.0,0.0,0.0,0.0,0.0,0.0,0.0,0.0,0.0,0.0,0.0,0.33000000000000007,0.0,1.05,0.74,0.71,1.36,0.1499999999999999,1.71,1.75,1.95,2.65,0.0,0.0,0.0,0.0,0.0,1.28
14.472361809045227,14.42,22.560000000000002,0.44000000000000006,0.32999999999999996,1.1600000000000001,0.09999999999999998,0.06999999999999995,0.7200000000000001,0.0,1.13,1.17,1.37,0.44999999999999973,0.0,0.0,0.0,0.0,0.0,0.0,0.0,0.0,0.0,0.0,0.0,0.0,0.0,0.0,0.0,0.0,0.0,0.0,0.0,0.0,0.0,0.0,0.0,0.33000000000000007,0.0,1.05,0.74,0.71,1.36,0.7,1.16,1.75,1.95,2.65,1.94,0.0,0.0,0.0,0.0,1.28
14.924623115577889,14.69,22.11,0.4600000000000001,0.35,1.1800000000000002,0.12,0.08999999999999997,0.7400000000000001,0.0,1.0899999999999999,1.13,1.33,0.0,0.0,0.0,0.0,0.0,0.0,0.0,0.0,0.0,0.0,0.0,0.0,0.0,0.0,0.0,0.0,0.0,0.0,0.0,0.0,0.0,0.0,0.0,0.0,0.33000000000000007,0.0,1.05,0.74,0.71,1.36,0.7,1.16,1.75,1.95,2.65,1.94,0.0,0.0,0.0,0.0,1.28
15.376884422110553,15.26,20.159999999999997,0.28,0.16999999999999993,1.8,0.0,0.0,0.56,0.0,1.13,1.17,1.37,0.0,0.0,0.0,0.0,0.0,0.0,0.0,0.0,0.0,0.0,0.0,0.0,0.0,0.0,0.0,0.0,0.0,0.0,0.0,0.0,0.0,0.0,0.0,0.0,0.33000000000000007,0.0,1.05,0.74,0.71,1.36,0.7,1.16,1.75,1.95,2.65,0.0,0.0,0.0,0.0,0.0,1.28
15.829145728643216,15.71,20.150000000000006,0.3800000000000001,0.27,1.8,0.040000000000000036,0.010000000000000009,0.6600000000000001,0.0,1.01,1.05,1.25,0.0,0.0,0.0,0.0,0.0,0.0,0.0,0.0,0.0,0.0,0.0,0.0,0.0,0.0,0.0,0.0,0.0,0.0,0.0,0.0,0.0,0.0,0.0,0.0,0.33000000000000007,0.0,1.05,0.74,0.71,1.36,0.7,1.16,1.75,1.95,2.65,0.0,0.0,0.0,0.0,0.0,1.28
16.281407035175878,16.26,19.299999999999997,0.28,0.16999999999999993,1.8,0.0,0.0,0.56,0.0,1.13,1.17,1.37,0.0,0.0,0.0,0.0,0.0,0.0,0.0,0.0,0.0,0.0,0.0,0.0,0.0,0.0,0.0,0.0,0.0,0.0,0.0,0.0,0.0,0.0,0.0,0.0,0.0,0.0,1.8,0.74,0.71,1.36,0.7,1.16,1.75,1.95,2.65,0.0,0.0,0.0,0.0,0.0,0.0
16.733668341708544,16.73,20.099999999999994,0.020000000000000018,0.0,0.0,0.0,0.0,0.29000000000000004,0.0,0.83,0.88,0.9099999999999999,0.44999999999999973,0.0,0.46999999999999975,0.0,0.6299999999999999,0.0,0.0,0.0,0.0,0.0,0.0,0.0,0.0,0.0,0.0,0.0,0.0,0.0,0.0,0.0,0.0,0.0,0.0,0.0,0.33000000000000007,0.0,1.05,0.74,0.71,1.36,0.7,1.16,1.75,1.95,2.65,1.94,0.0,0.0,0.0,0.0,1.28
17.185929648241206,17.0,19.67,0.10000000000000009,0.0,0.0,0.0,0.0,0.3800000000000001,0.0,0.73,0.77,0.97,0.0,0.0,0.46999999999999975,0.0,0.6299999999999999,0.0,0.0,0.0,0.0,0.0,0.0,0.0,0.0,0.0,0.0,0.0,0.0,0.0,0.0,0.0,0.0,0.0,0.0,0.0,0.33000000000000007,0.0,1.05,0.74,0.71,1.36,0.7,1.16,1.75,1.95,2.65,1.94,0.0,0.0,0.0,0.0,1.28
17.63819095477387,17.54,20.17,0.44000000000000006,0.32999999999999996,1.1600000000000001,0.09999999999999998,0.06999999999999995,0.7200000000000001,0.0,1.13,1.17,1.37,0.0,0.0,0.0,0.0,0.0,0.0,0.0,0.0,0.0,0.0,0.0,0.0,0.0,0.0,0.0,0.0,0.0,0.0,0.0,0.0,0.0,0.0,0.0,0.0,0.33000000000000007,0.0,1.05,0.74,0.71,1.36,0.7,1.16,1.75,1.95,2.65,0.0,0.0,0.0,0.0,0.0,1.28
18.09045226130653,17.84,20.17,0.4600000000000001,0.35,1.1800000000000002,0.12,0.08999999999999997,0.7400000000000001,0.0,1.0899999999999999,1.13,1.33,0.0,0.0,0.0,0.0,0.0,0.0,0.0,0.0,0.0,0.0,0.0,0.0,0.0,0.0,0.0,0.0,0.0,0.0,0.0,0.0,0.0,0.0,0.0,0.0,0.33000000000000007,0.0,1.05,0.74,0.71,1.36,0.7,1.16,1.75,1.95,2.65,0.0,0.0,0.0,0.0,0.0,1.28
18.542713567839197,18.44,18.870000000000005,0.3800000000000001,0.27,1.8,0.040000000000000036,0.010000000000000009,0.6600000000000001,0.0,1.01,1.05,1.25,0.0,0.0,0.0,0.0,0.0,0.0,0.0,0.0,0.0,0.0,0.0,0.0,0.0,0.0,0.0,0.0,0.0,0.0,0.0,0.0,0.0,0.0,0.0,0.0,0.33000000000000007,0.0,1.05,0.74,0.71,1.36,0.7,1.16,1.75,1.95,2.65,0.0,0.0,0.0,0.0,0.0,0.0
18.99497487437186,18.71,18.870000000000005,0.3800000000000001,0.27,1.8,0.040000000000000036,0.010000000000000009,0.6600000000000001,0.0,1.01,1.05,1.25,0.0,0.0,0.0,0.0,0.0,0.0,0.0,0.0,0.0,0.0,0.0,0.0,0.0,0.0,0.0,0.0,0.0,0.0,0.0,0.0,0.0,0.0,0.0,0.0,0.33000000000000007,0.0,1.05,0.74,0.71,1.36,0.7,1.16,1.75,1.95,2.65,0.0,0.0,0.0,0.0,0.0,0.0
19.44723618090452,19.44,17.5,0.3800000000000001,0.27,1.8,0.040000000000000036,0.010000000000000009,0.6600000000000001,0.0,1.01,1.05,1.25,0.0,0.0,0.0,0.0,0.0,0.0,0.0,0.0,0.0,0.0,0.0,0.0,0.0,0.0,0.0,0.0,0.0,0.0,0.0,0.0,0.0,0.0,0.0,0.0,0.33000000000000007,0.0,1.05,0.74,0.71,1.36,0.7,1.16,1.75,1.95,0.0,0.0,0.0,0.0,0.0,0.0,1.28
19.899497487437184,19.85,17.709999999999994,0.020000000000000018,0.0,0.0,0.0,0.0,0.29000000000000004,0.0,0.83,0.88,0.9099999999999999,0.0,0.0,0.46999999999999975,0.0,0.6299999999999999,0.0,0.0,0.0,0.0,0.0,0.0,0.0,0.0,0.0,0.0,0.0,0.0,0.0,0.0,0.0,0.0,0.0,0.0,0.0,0.33000000000000007,0.0,1.05,0.74,0.71,1.36,0.7,1.16,1.75,1.95,2.65,0.0,0.0,0.0,0.0,0.0,1.28
20.35175879396985,20.15,17.730000000000004,0.10000000000000009,0.0,0.0,0.0,0.0,0.3800000000000001,0.0,0.73,0.77,0.97,0.0,0.0,0.46999999999999975,0.0,0.6299999999999999,0.0,0.0,0.0,0.0,0.0,0.0,0.0,0.0,0.0,0.0,0.0,0.0,0.0,0.0,0.0,0.0,0.0,0.0,0.0,0.33000000000000007,0.0,1.05,0.74,0.71,1.36,0.7,1.16,1.75,1.95,2.65,0.0,0.0,0.0,0.0,0.0,1.28
20.804020100502512,20.72,18.89,0.4600000000000001,0.35,1.1800000000000002,0.12,0.08999999999999997,0.7400000000000001,0.0,1.0899999999999999,1.13,1.33,0.0,0.0,0.0,0.0,0.0,0.0,0.0,0.0,0.0,0.0,0.0,0.0,0.0,0.0,0.0,0.0,0.0,0.0,0.0,0.0,0.0,0.0,0.0,0.0,0.33000000000000007,0.0,1.05,0.74,0.71,1.36,0.7,1.16,1.75,1.95,2.65,0.0,0.0,0.0,0.0,0.0,0.0
21.256281407035175,20.69,18.89,0.4600000000000001,0.35,1.1800000000000002,0.12,0.08999999999999997,0.7400000000000001,0.0,1.0899999999999999,1.13,1.33,0.0,0.0,0.0,0.0,0.0,0.0,0.0,0.0,0.0,0.0,0.0,0.0,0.0,0.0,0.0,0.0,0.0,0.0,0.0,0.0,0.0,0.0,0.0,0.0,0.33000000000000007,0.0,1.05,0.74,0.71,1.36,0.7,1.16,1.75,1.95,2.65,0.0,0.0,0.0,0.0,0.0,0.0
21.70854271356784,21.69,17.519999999999996,0.4600000000000001,0.35,1.1800000000000002,0.12,0.08999999999999997,0.7400000000000001,0.0,1.0899999999999999,1.13,1.33,0.0,0.0,0.0,0.0,0.0,0.0,0.0,0.0,0.0,0.0,0.0,0.0,0.0,0.0,0.0,0.0,0.0,0.0,0.0,0.0,0.0,0.0,0.0,0.0,0.33000000000000007,0.0,1.05,0.74,0.71,1.36,0.7,1.16,1.75,1.95,0.0,0.0,0.0,0.0,0.0,0.0,1.28
22.160804020100503,22.14,16.680000000000007,0.28,0.16999999999999993,1.8,0.0,0.0,0.56,0.0,1.13,1.17,1.37,0.44999999999999973,0.0,0.0,0.0,0.0,0.0,0.0,0.0,0.0,0.0,0.0,0.0,0.0,0.0,0.0,0.0,0.0,0.0,0.0,0.0,0.0,0.0,0.0,0.0,0.33000000000000007,0.0,1.05,0.74,0.71,1.36,0.7,1.16,1.75,1.95,0.0,0.0,0.0,0.0,0.0,0.0,0.0
22.613065326633166,22.56,16.22,0.3800000000000001,0.27,1.8,0.040000000000000036,0.010000000000000009,0.6600000000000001,0.0,1.01,1.05,1.25,0.0,0.0,0.0,0.0,0.0,0.0,0.0,0.0,0.0,0.0,0.0,0.0,0.0,0.0,0.0,0.0,0.0,0.0,0.0,0.0,0.0,0.0,0.0,0.0,0.33000000000000007,0.0,1.05,0.74,0.71,1.36,0.7,1.16,1.75,1.95,0.0,0.0,0.0,0.0,0.0,0.0,0.0
23.065326633165828,23.0,16.439999999999998,0.10000000000000009,0.0,0.0,0.0,0.0,0.3800000000000001,0.0,0.73,0.76,0.97,0.0,0.0,0.46999999999999975,0.0,0.6299999999999999,0.0,0.0,0.0,0.0,0.0,0.0,0.0,0.0,0.0,0.0,0.0,0.0,0.0,0.0,0.0,0.0,0.0,0.0,0.0,0.33000000000000007,0.0,1.05,0.74,0.71,1.36,0.7,1.16,1.75,1.95,2.65,0.0,0.0,0.0,0.0,0.0,0.0
23.517587939698494,23.15,16.450000000000003,0.10000000000000009,0.0,0.0,0.0,0.0,0.3800000000000001,0.0,0.73,0.77,0.97,0.0,0.0,0.46999999999999975,0.0,0.6299999999999999,0.0,0.0,0.0,0.0,0.0,0.0,0.0,0.0,0.0,0.0,0.0,0.0,0.0,0.0,0.0,0.0,0.0,0.0,0.0,0.33000000000000007,0.0,1.05,0.74,0.71,1.36,0.7,1.16,1.75,1.95,2.65,0.0,0.0,0.0,0.0,0.0,0.0
23.969849246231156,23.92,18.810000000000002,0.44000000000000006,0.32999999999999996,1.1600000000000001,0.09999999999999998,0.06999999999999995,0.7200000000000001,0.0,1.13,1.17,1.37,0.44999999999999973,0.0,0.0,0.0,0.0,0.0,0.0,0.0,0.0,0.0,0.0,0.0,0.0,0.0,0.0,0.0,0.0,0.0,0.0,0.0,0.0,0.0,0.0,0.0,0.33000000000000007,0.21999999999999997,1.05,0.74,0.71,0.6100000000000001,0.7,1.16,1.75,1.95,2.65,0.0,0.0,0.0,0.0,0.0,0.0
24.42211055276382,24.42,16.689999999999998,0.44000000000000006,0.32999999999999996,1.1600000000000001,0.09999999999999998,0.06999999999999995,0.7200000000000001,0.0,1.13,1.17,1.37,0.44999999999999973,0.0,0.0,0.0,0.0,0.0,0.0,0.0,0.0,0.0,0.0,0.0,0.0,0.0,0.0,0.0,0.0,0.0,0.0,0.0,0.0,0.0,0.0,0.0,0.33000000000000007,0.0,1.05,0.74,0.71,1.36,0.7,1.16,1.75,1.95,0.0,0.0,0.0,0.0,0.0,0.0,0.0
24.87437185929648,24.69,16.239999999999995,0.4600000000000001,0.35,1.1800000000000002,0.12,0.08999999999999997,0.7400000000000001,0.0,1.0899999999999999,1.13,1.33,0.0,0.0,0.0,0.0,0.0,0.0,0.0,0.0,0.0,0.0,0.0,0.0,0.0,0.0,0.0,0.0,0.0,0.0,0.0,0.0,0.0,0.0,0.0,0.0,0.33000000000000007,0.0,1.05,0.74,0.71,1.36,0.7,1.16,1.75,1.95,0.0,0.0,0.0,0.0,0.0,0.0,0.0
25.326633165829147,25.22,16.239999999999995,0.4600000000000001,0.35,1.1800000000000002,0.12,0.08999999999999997,0.7400000000000001,0.0,1.0899999999999999,1.13,1.33,0.0,0.0,0.0,0.0,0.0,0.0,0.0,0.0,0.0,0.0,0.0,0.0,0.0,0.0,0.0,0.0,0.0,0.0,0.0,0.0,0.0,0.0,0.0,0.0,0.33000000000000007,0.0,1.05,0.74,0.71,1.36,0.7,1.16,1.75,1.95,0.0,0.0,0.0,0.0,0.0,0.0,0.0
25.77889447236181,25.76,15.700000000000003,0.28,0.16999999999999993,1.8,0.0,0.0,0.56,0.0,1.13,1.17,1.37,0.0,0.0,0.0,0.0,0.0,0.0,0.0,0.0,0.0,0.0,0.0,0.0,0.0,0.0,0.0,0.0,0.0,0.0,0.0,0.0,0.0,0.0,0.0,0.0,0.33000000000000007,0.21999999999999997,1.05,0.74,0.71,0.6100000000000001,0.7,1.16,1.75,1.95,0.0,0.0,0.0,0.0,0.0,0.0,0.0
26.231155778894472,26.23,16.349999999999994,0.010000000000000009,0.0,0.0,0.0,0.0,0.30000000000000004,0.0,0.84,0.87,0.9099999999999999,0.44999999999999973,0.0,0.46999999999999975,0.0,0.6299999999999999,0.0,0.0,0.0,0.0,0.0,0.0,0.0,0.0,0.0,0.0,0.0,0.0,0.0,0.0,0.0,0.0,0.0,0.0,0.0,0.33000000000000007,0.21999999999999997,1.05,0.74,0.71,0.6100000000000001,0.7,1.16,1.75,1.95,2.65,0.0,0.0,0.0,0.0,0.0,0.0
26.683417085427134,26.65,15.920000000000002,0.10000000000000009,0.0,0.0,0.0,0.0,0.3800000000000001,0.0,0.73,0.77,0.97,0.0,0.0,0.46999999999999975,0.0,0.6299999999999999,0.0,0.0,0.0,0.0,0.0,0.0,0.0,0.0,0.0,0.0,0.0,0.0,0.0,0.0,0.0,0.0,0.0,0.0,0.0,0.33000000000000007,0.21999999999999997,1.05,0.74,0.71,0.6100000000000001,0.7,1.16,1.75,1.95,2.65,0.0,0.0,0.0,0.0,0.0,0.0
27.1356783919598,27.02,18.810000000000002,0.44000000000000006,0.32999999999999996,1.1600000000000001,0.09999999999999998,0.06999999999999995,0.7200000000000001,0.0,1.13,1.17,1.37,0.44999999999999973,0.0,0.0,0.0,0.0,0.0,0.0,0.0,0.0,0.0,0.0,0.0,0.0,0.0,0.0,0.0,0.0,0.0,0.0,0.0,0.0,0.0,0.0,0.0,0.5800000000000001,0.21999999999999997,1.3,0.74,0.20999999999999996,0.6100000000000001,0.7,1.16,1.75,1.95,2.65,0.0,0.0,0.0,0.0,0.0,0.0
27.587939698492463,27.52,16.689999999999998,0.44000000000000006,0.32999999999999996,1.1600000000000001,0.09999999999999998,0.06999999999999995,0.7200000000000001,0.0,1.13,1.17,1.37,0.44999999999999973,0.0,0.0,0.0,0.0,0.0,0.0,0.0,0.0,0.0,0.0,0.0,0.0,0.0,0.0,0.0,0.0,0.0,0.0,0.0,0.0,0.0,0.0,0.0,0.5800000000000001,0.0,1.3,0.74,0.20999999999999996,1.36,0.7,1.16,1.75,1.95,0.0,0.0,0.0,0.0,0.0,0.0,0.0
28.040201005025125,28.04,15.709999999999994,0.44000000000000006,0.32999999999999996,1.1600000000000001,0.09999999999999998,0.06999999999999995,0.7200000000000001,0.0,1.13,1.17,1.37,0.0,0.0,0.0,0.0,0.0,0.0,0.0,0.0,0.0,0.0,0.0,0.0,0.0,0.0,0.0,0.0,0.0,0.0,0.0,0.0,0.0,0.0,0.0,0.0,0.33000000000000007,0.21999999999999997,1.05,0.74,0.71,0.6100000000000001,0.7,1.16,1.75,1.95,0.0,0.0,0.0,0.0,0.0,0.0,0.0
28.492462311557787,28.34,15.709999999999994,0.4600000000000001,0.35,1.1800000000000002,0.12,0.08999999999999997,0.7400000000000001,0.0,1.0899999999999999,1.13,1.33,0.0,0.0,0.0,0.0,0.0,0.0,0.0,0.0,0.0,0.0,0.0,0.0,0.0,0.0,0.0,0.0,0.0,0.0,0.0,0.0,0.0,0.0,0.0,0.0,0.33000000000000007,0.21999999999999997,1.05,0.74,0.71,0.6100000000000001,0.7,1.16,1.75,1.95,0.0,0.0,0.0,0.0,0.0,0.0,0.0
28.944723618090453,28.49,15.709999999999994,0.4600000000000001,0.35,1.1800000000000002,0.12,0.08999999999999997,0.7400000000000001,0.0,1.0899999999999999,1.13,1.33,0.0,0.0,0.0,0.0,0.0,0.0,0.0,0.0,0.0,0.0,0.0,0.0,0.0,0.0,0.0,0.0,0.0,0.0,0.0,0.0,0.0,0.0,0.0,0.0,0.33000000000000007,0.21999999999999997,1.05,0.74,0.71,0.6100000000000001,0.7,1.16,1.75,1.95,0.0,0.0,0.0,0.0,0.0,0.0,0.0
29.396984924623116,29.33,16.349999999999994,0.020000000000000018,0.0,0.0,0.0,0.0,0.29000000000000004,0.0,0.84,0.87,0.9099999999999999,0.44999999999999973,0.0,0.46999999999999975,0.0,0.6299999999999999,0.0,0.0,0.0,0.0,0.0,0.0,0.0,0.0,0.0,0.0,0.0,0.0,0.0,0.0,0.0,0.0,0.0,0.0,0.0,0.5800000000000001,0.21999999999999997,1.3,0.74,0.20999999999999996,0.6100000000000001,0.7,1.16,1.75,1.95,2.65,0.0,0.0,0.0,0.0,0.0,0.0
29.849246231155778,29.83,14.230000000000004,0.010000000000000009,0.0,0.0,0.0,0.0,0.30000000000000004,0.0,0.83,0.88,0.9099999999999999,0.44999999999999973,0.0,0.46999999999999975,0.0,0.6299999999999999,0.0,0.0,0.0,0.0,0.0,0.0,0.0,0.0,0.0,0.0,0.0,0.0,0.0,0.0,0.0,0.0,0.0,0.0,0.0,0.5800000000000001,0.0,1.3,0.74,0.20999999999999996,1.36,0.7,1.16,1.75,1.95,0.0,0.0,0.0,0.0,0.0,0.0,0.0
30.301507537688444,30.23,13.700000000000003,0.020000000000000018,0.0,0.0,0.0,0.0,0.29000000000000004,0.0,0.84,0.87,0.9099999999999999,0.44999999999999973,0.0,0.46999999999999975,0.0,0.6299999999999999,0.0,0.0,0.0,0.0,0.0,0.0,0.0,0.0,0.0,0.0,0.0,0.0,0.0,0.0,0.0,0.0,0.0,0.0,0.0,0.33000000000000007,0.21999999999999997,1.05,0.74,0.71,0.6100000000000001,0.7,1.16,1.75,1.95,0.0,0.0,0.0,0.0,0.0,0.0,0.0
30.753768844221106,30.65,13.269999999999996,0.10000000000000009,0.0,0.0,0.0,0.0,0.3800000000000001,0.0,0.73,0.77,0.97,0.0,0.0,0.46999999999999975,0.0,0.6299999999999999,0.0,0.0,0.0,0.0,0.0,0.0,0.0,0.0,0.0,0.0,0.0,0.0,0.0,0.0,0.0,0.0,0.0,0.0,0.0,0.33000000000000007,0.21999999999999997,1.05,0.74,0.71,0.6100000000000001,0.7,1.16,1.75,1.95,0.0,0.0,0.0,0.0,0.0,0.0,0.0
31.20603015075377,31.14,15.709999999999994,0.44000000000000006,0.32999999999999996,1.1600000000000001,0.09999999999999998,0.06999999999999995,0.7200000000000001,0.0,1.13,1.17,1.37,0.0,0.0,0.0,0.0,0.0,0.0,0.0,0.0,0.0,0.0,0.0,0.0,0.0,0.0,0.0,0.0,0.0,0.0,0.0,0.0,0.0,0.0,0.0,0.0,0.5800000000000001,0.21999999999999997,1.3,0.74,0.20999999999999996,0.6100000000000001,0.7,1.16,1.75,1.95,0.0,0.0,0.0,0.0,0.0,0.0,0.0
31.65829145728643,31.59,15.709999999999994,0.4600000000000001,0.35,1.1800000000000002,0.12,0.08999999999999997,0.7400000000000001,0.0,1.0899999999999999,1.13,1.33,0.0,0.0,0.0,0.0,0.0,0.0,0.0,0.0,0.0,0.0,0.0,0.0,0.0,0.0,0.0,0.0,0.0,0.0,0.0,0.0,0.0,0.0,0.0,0.0,0.5800000000000001,0.21999999999999997,1.3,0.74,0.20999999999999996,0.6100000000000001,0.7,1.16,1.75,1.95,0.0,0.0,0.0,0.0,0.0,0.0,0.0
32.11055276381909,32.11,15.709999999999994,0.4600000000000001,0.35,1.1800000000000002,0.12,0.08999999999999997,0.7400000000000001,0.0,1.0899999999999999,1.13,1.33,0.0,0.0,0.0,0.0,0.0,0.0,0.0,0.0,0.0,0.0,0.0,0.0,0.0,0.0,0.0,0.0,0.0,0.0,0.0,0.0,0.0,0.0,0.0,0.0,0.5800000000000001,0.21999999999999997,1.3,0.74,0.20999999999999996,0.6100000000000001,0.7,1.16,1.75,1.95,0.0,0.0,0.0,0.0,0.0,0.0,0.0
32.562814070351756,32.47,15.709999999999994,0.4600000000000001,0.35,1.1800000000000002,0.12,0.08999999999999997,0.7400000000000001,0.0,1.0899999999999999,1.13,1.33,0.0,0.0,0.0,0.0,0.0,0.0,0.0,0.0,0.0,0.0,0.0,0.0,0.0,0.0,0.0,0.0,0.0,0.0,0.0,0.0,0.0,0.0,0.0,0.0,0.4800000000000001,0.37,1.2000000000000002,0.74,0.10999999999999999,0.7600000000000001,0.7,1.16,1.75,1.95,0.0,0.0,0.0,0.0,0.0,0.0,0.0
33.015075376884425,32.97,15.709999999999994,0.4600000000000001,0.35,1.1800000000000002,0.12,0.08999999999999997,0.7400000000000001,0.0,1.0899999999999999,1.13,1.33,0.0,0.0,0.0,0.0,0.0,0.0,0.0,0.0,0.0,0.0,0.0,0.0,0.0,0.0,0.0,0.0,0.0,0.0,0.0,0.0,0.0,0.0,0.0,0.0,0.4800000000000001,0.37,1.2000000000000002,0.74,0.10999999999999999,0.7600000000000001,0.7,1.16,1.75,1.95,0.0,0.0,0.0,0.0,0.0,0.0,0.0
33.46733668341709,33.45,13.25,0.010000000000000009,0.0,0.0,0.0,0.0,0.30000000000000004,0.0,0.84,0.87,0.9099999999999999,0.0,0.0,0.46999999999999975,0.0,0.6299999999999999,0.0,0.0,0.0,0.0,0.0,0.0,0.0,0.0,0.0,0.0,0.0,0.0,0.0,0.0,0.0,0.0,0.0,0.0,0.0,0.5800000000000001,0.21999999999999997,1.3,0.74,0.20999999999999996,0.6100000000000001,0.7,1.16,1.75,1.95,0.0,0.0,0.0,0.0,0.0,0.0,0.0
33.91959798994975,33.87,13.269999999999996,0.10000000000000009,0.0,0.0,0.0,0.0,0.3800000000000001,0.0,0.73,0.77,0.97,0.0,0.0,0.46999999999999975,0.0,0.6299999999999999,0.0,0.0,0.0,0.0,0.0,0.0,0.0,0.0,0.0,0.0,0.0,0.0,0.0,0.0,0.0,0.0,0.0,0.0,0.0,0.5800000000000001,0.21999999999999997,1.3,0.74,0.20999999999999996,0.6100000000000001,0.7,1.16,1.75,1.95,0.0,0.0,0.0,0.0,0.0,0.0,0.0
34.37185929648241,34.29,11.700000000000003,0.020000000000000018,0.0,0.74,0.0,0.0,0.30000000000000004,0.0,0.3799999999999999,0.41999999999999993,0.6199999999999999,0.0,0.0,0.0,0.0,0.0,0.0,0.0,0.0,0.0,0.0,0.0,0.0,0.0,0.0,0.0,0.0,0.0,0.0,0.0,0.0,0.0,0.0,0.0,0.0,0.5800000000000001,0.21999999999999997,1.3,0.74,0.20999999999999996,0.6100000000000001,0.7,1.16,1.75,1.95,0.0,0.0,0.0,0.0,0.0,0.0,0.0
34.824120603015075,34.44,11.689999999999998,0.0,0.0,0.5800000000000001,0.0,0.0,0.14000000000000012,0.0,0.49,0.53,0.73,0.0,0.0,0.0,0.0,0.0,0.0,0.0,0.0,0.0,0.0,0.0,0.0,0.0,0.0,0.0,0.0,0.0,0.0,0.0,0.0,0.0,0.0,0.0,0.0,0.5800000000000001,0.21999999999999997,1.3,0.74,0.20999999999999996,0.6100000000000001,0.7,1.16,1.75,1.95,0.0,0.0,0.0,0.0,0.0,0.0,0.0
35.27638190954774,35.2,11.189999999999998,0.0,0.0,0.45999999999999996,0.0,0.0,0.020000000000000018,0.0,0.0,0.41999999999999993,0.6199999999999999,0.44999999999999973,0.0,0.0,0.0,0.0,0.0,0.0,0.0,0.0,0.0,0.0,0.0,0.0,0.0,0.0,0.0,0.0,0.0,0.0,0.0,0.0,0.0,0.0,0.0,0.5800000000000001,0.21999999999999997,1.3,0.74,0.20999999999999996,0.6100000000000001,0.7,1.16,1.75,1.95,0.0,0.0,0.0,0.0,0.0,0.0,0.0
35.7286432160804,35.72,11.469999999999999,0.10000000000000009,0.0,0.0,0.0,0.0,0.3800000000000001,0.0,0.73,0.77,0.97,0.0,0.0,0.46999999999999975,0.0,0.6299999999999999,0.0,0.0,0.0,0.0,0.0,0.0,0.0,0.0,0.0,0.0,0.0,0.0,0.0,0.0,0.0,0.0,0.0,0.0,0.0,0.29000000000000004,0.21999999999999997,0.0,0.74,0.0,0.6100000000000001,0.7,1.16,1.75,1.95,0.0,0.0,0.0,0.0,0.0,0.0,0.0
36.18090452261306,36.17,10.189999999999998,0.020000000000000018,0.0,0.74,0.0,0.0,0.30000000000000004,0.0,0.83,0.88,0.0,0.0,0.0,0.0,0.0,0.0,0.0,0.0,0.0,0.0,0.0,0.0,0.0,0.0,0.0,0.0,0.0,0.0,0.0,0.0,0.0,0.0,0.0,0.0,0.0,0.29000000000000004,0.21999999999999997,0.0,0.74,0.0,0.6100000000000001,0.7,1.16,1.75,1.95,0.0,0.0,0.0,0.0,0.0,0.0,0.0
36.63316582914573,36.59,9.89,0.0,0.0,0.5800000000000001,0.0,0.0,0.14000000000000012,0.0,0.49,0.53,0.73,0.0,0.0,0.0,0.0,0.0,0.0,0.0,0.0,0.0,0.0,0.0,0.0,0.0,0.0,0.0,0.0,0.0,0.0,0.0,0.0,0.0,0.0,0.0,0.0,0.29000000000000004,0.21999999999999997,0.0,0.74,0.0,0.6100000000000001,0.7,1.16,1.75,1.95,0.0,0.0,0.0,0.0,0.0,0.0,0.0
37.085427135678394,36.94,15.709999999999994,0.44000000000000006,0.32999999999999996,1.1600000000000001,0.09999999999999998,0.06999999999999995,0.7200000000000001,0.0,1.13,1.17,1.37,0.0,0.0,0.0,0.0,0.0,0.0,0.0,0.0,0.0,0.0,0.0,0.0,0.0,0.0,0.0,0.0,0.0,0.0,0.0,0.0,0.0,0.0,0.0,0.0,0.5800000000000001,0.47,1.3,0.24,0.20999999999999996,0.8600000000000001,0.7,1.16,1.75,1.95,0.0,0.0,0.0,0.0,0.0,0.0,0.0
37.537688442211056,37.27,15.709999999999994,0.4600000000000001,0.35,1.1800000000000002,0.12,0.08999999999999997,0.7400000000000001,0.0,1.0899999999999999,1.13,1.33,0.0,0.0,0.0,0.0,0.0,0.0,0.0,0.0,0.0,0.0,0.0,0.0,0.0,0.0,0.0,0.0,0.0,0.0,0.0,0.0,0.0,0.0,0.0,0.0,0.5800000000000001,0.47,1.3,0.24,0.20999999999999996,0.8600000000000001,0.7,1.16,1.75,1.95,0.0,0.0,0.0,0.0,0.0,0.0,0.0
37.98994974874372,37.91,15.709999999999994,0.4600000000000001,0.35,1.1800000000000002,0.12,0.08999999999999997,0.7400000000000001,0.0,1.0899999999999999,1.13,1.33,0.0,0.0,0.0,0.0,0.0,0.0,0.0,0.0,0.0,0.0,0.0,0.0,0.0,0.0,0.0,0.0,0.0,0.0,0.0,0.0,0.0,0.0,0.0,0.0,0.5800000000000001,0.47,1.3,0.24,0.20999999999999996,0.8600000000000001,0.7,1.16,1.75,1.95,0.0,0.0,0.0,0.0,0.0,0.0,0.0
38.44221105527638,38.39,15.709999999999994,0.4600000000000001,0.35,1.1800000000000002,0.12,0.08999999999999997,0.7400000000000001,0.0,1.0899999999999999,1.13,1.33,0.0,0.0,0.0,0.0,0.0,0.0,0.0,0.0,0.0,0.0,0.0,0.0,0.0,0.0,0.0,0.0,0.0,0.0,0.0,0.0,0.0,0.0,0.0,0.0,0.5800000000000001,0.47,1.3,0.24,0.20999999999999996,0.8600000000000001,0.7,1.16,1.75,1.95,0.0,0.0,0.0,0.0,0.0,0.0,0.0
38.89447236180904,38.82,14.36,0.44000000000000006,0.32999999999999996,1.1600000000000001,0.09999999999999998,0.06999999999999995,0.7200000000000001,0.0,1.13,1.17,1.37,0.44999999999999973,0.0,0.0,0.0,0.0,0.0,0.0,0.0,0.0,0.0,0.0,0.0,0.0,0.0,0.0,0.0,0.0,0.0,0.0,0.0,0.0,0.0,0.0,0.0,0.29000000000000004,0.47,0.0,0.24,0.0,0.8600000000000001,0.7,1.16,1.75,1.95,0.0,0.0,0.0,0.0,0.0,0.0,0.0
39.346733668341706,39.25,13.25,0.010000000000000009,0.0,0.0,0.0,0.0,0.30000000000000004,0.0,0.83,0.88,0.9099999999999999,0.0,0.0,0.46999999999999975,0.0,0.6299999999999999,0.0,0.0,0.0,0.0,0.0,0.0,0.0,0.0,0.0,0.0,0.0,0.0,0.0,0.0,0.0,0.0,0.0,0.0,0.0,0.5800000000000001,0.47,1.3,0.24,0.20999999999999996,0.8600000000000001,0.7,1.16,1.75,1.95,0.0,0.0,0.0,0.0,0.0,0.0,0.0
39.79899497487437,39.79,12.159999999999997,0.4600000000000001,0.35,1.1800000000000002,0.12,0.08999999999999997,0.7400000000000001,0.0,1.0899999999999999,1.13,1.33,0.0,0.0,0.0,0.0,0.0,0.0,0.0,0.0,0.0,0.0,0.0,0.0,0.0,0.0,0.0,0.0,0.0,0.0,0.0,0.0,0.0,0.0,0.0,0.0,0.29000000000000004,0.21999999999999997,0.0,0.74,0.0,0.6100000000000001,0.7,1.16,0.0,1.95,0.0,0.0,0.0,0.0,0.0,0.0,0.0
40.25125628140704,40.24,11.689999999999998,0.0,0.0,0.5800000000000001,0.0,0.0,0.14000000000000012,0.0,0.49,0.53,0.73,0.0,0.0,0.0,0.0,0.0,0.0,0.0,0.0,0.0,0.0,0.0,0.0,0.0,0.0,0.0,0.0,0.0,0.0,0.0,0.0,0.0,0.0,0.0,0.0,0.5800000000000001,0.47,1.3,0.24,0.20999999999999996,0.8600000000000001,0.7,1.16,1.75,1.95,0.0,0.0,0.0,0.0,0.0,0.0,0.0
40.7035175879397,40.24,11.689999999999998,0.0,0.0,0.5800000000000001,0.0,0.0,0.14000000000000012,0.0,0.49,0.53,0.73,0.0,0.0,0.0,0.0,0.0,0.0,0.0,0.0,0.0,0.0,0.0,0.0,0.0,0.0,0.0,0.0,0.0,0.0,0.0,0.0,0.0,0.0,0.0,0.0,0.5800000000000001,0.47,1.3,0.24,0.20999999999999996,0.8600000000000001,0.7,1.16,1.75,1.95,0.0,0.0,0.0,0.0,0.0,0.0,0.0
41.15577889447236,41.13,11.900000000000006,0.010000000000000009,0.0,0.0,0.0,0.0,0.30000000000000004,0.0,0.84,0.87,0.9099999999999999,0.44999999999999973,0.0,0.46999999999999975,0.0,0.6299999999999999,0.0,0.0,0.0,0.0,0.0,0.0,0.0,0.0,0.0,0.0,0.0,0.0,0.0,0.0,0.0,0.0,0.0,0.0,0.0,0.29000000000000004,0.47,0.0,0.24,0.0,0.8600000000000001,0.7,1.16,1.75,1.95,0.0,0.0,0.0,0.0,0.0,0.0,0.0
41.608040201005025,41.52,10.799999999999997,0.28,0.16999999999999993,0.0,0.0,0.0,0.56,0.0,1.13,1.17,1.37,0.44999999999999973,0.0,0.0,0.0,0.0,0.0,0.0,0.0,0.0,0.0,0.0,0.0,0.0,0.0,0.0,0.0,0.0,0.0,0.0,0.0,0.0,0.0,0.0,0.0,0.29000000000000004,0.21999999999999997,0.0,0.74,0.0,0.6100000000000001,0.7,1.16,0.0,1.95,0.0,0.0,0.0,0.0,0.0,0.0,0.0
42.06030150753769,41.95,9.739999999999995,0.020000000000000018,0.0,0.0,0.0,0.0,0.29000000000000004,0.0,0.83,0.88,0.9099999999999999,0.0,0.0,0.46999999999999975,0.0,0.6299999999999999,0.0,0.0,0.0,0.0,0.0,0.0,0.0,0.0,0.0,0.0,0.0,0.0,0.0,0.0,0.0,0.0,0.020000000000000018,0.0,0.0,0.29000000000000004,0.21999999999999997,0.0,0.74,0.0,0.6100000000000001,0.7,1.16,0.0,1.95,0.0,0.0,0.0,0.0,0.020000000000000018,0.0,0.0
42.51256281407035,42.1,9.760000000000005,0.10000000000000009,0.0,0.0,0.0,0.0,0.3800000000000001,0.0,0.73,0.77,0.97,0.0,0.0,0.46999999999999975,0.0,0.6299999999999999,0.0,0.0,0.0,0.0,0.0,0.0,0.0,0.0,0.0,0.0,0.0,0.0,0.0,0.0,0.0,0.0,0.020000000000000018,0.0,0.0,0.29000000000000004,0.21999999999999997,0.0,0.74,0.0,0.6100000000000001,0.7,1.16,0.0,1.95,0.0,0.0,0.0,0.0,0.020000000000000018,0.0,0.0
42.96482412060301,42.94,9.739999999999995,0.0,0.0,0.5800000000000001,0.0,0.0,0.14000000000000012,0.0,0.49,0.53,0.73,0.0,0.0,0.18999999999999995,0.0,0.33999999999999986,0.0,0.0,0.0,0.0,0.0,0.0,0.0,0.0,0.0,0.0,0.0,0.0,0.0,0.0,0.18999999999999995,0.0,0.3500000000000001,0.0,0.0,0.29000000000000004,0.21999999999999997,0.0,0.74,0.0,0.6100000000000001,0.7,1.16,0.0,1.95,0.0,0.0,0.18999999999999995,0.0,0.33999999999999986,0.0,0.0
43.41708542713568,43.32,9.730000000000004,0.0,0.0,0.5800000000000001,0.0,0.0,0.14000000000000012,0.0,0.49,0.53,0.73,0.0,0.0,0.18999999999999995,0.0,0.3500000000000001,0.0,0.0,0.0,0.0,0.0,0.0,0.0,0.0,0.0,0.0,0.0,0.0,0.0,0.0,0.17999999999999972,0.0,0.33999999999999986,0.0,0.0,0.29000000000000004,0.21999999999999997,0.0,0.74,0.0,0.6100000000000001,0.7,1.16,0.0,1.95,0.0,0.0,0.17999999999999972,0.0,0.3500000000000001,0.0,0.0
43.869346733668344,43.82,9.75,0.0,0.0,0.3700000000000001,0.0,0.0,0.0,0.0,0.28,0.32000000000000006,0.52,0.44999999999999973,0.0,0.2799999999999998,0.0,0.43000000000000016,0.0,0.0,0.0,0.0,0.0,0.0,0.0,0.0,0.0,0.0,0.0,0.0,0.0,0.0,0.2799999999999998,0.0,0.43999999999999995,0.0,0.0,0.29000000000000004,0.21999999999999997,0.0,0.74,0.0,0.6100000000000001,0.7,1.16,0.0,1.95,0.0,0.0,0.27,0.0,0.43999999999999995,0.0,0.0
44.321608040201006,44.32,9.739999999999995,0.0,0.0,0.3700000000000001,0.0,0.0,0.0,0.0,0.28,0.32000000000000006,0.52,0.0,0.0,0.3500000000000001,0.0,0.5100000000000002,0.0,0.0,0.0,0.0,0.0,0.0,0.0,0.0,0.0,0.0,0.0,0.0,0.0,0.0,0.3500000000000001,0.0,0.5100000000000002,0.0,0.0,0.29000000000000004,0.21999999999999997,0.0,0.74,0.0,0.6100000000000001,0.7,1.16,0.0,1.95,0.0,0.0,0.3500000000000001,0.0,0.5100000000000002,0.0,0.0
44.77386934673367,44.7,9.739999999999995,0.0,0.0,0.45999999999999996,0.0,0.0,0.030000000000000027,0.0,0.0,0.4099999999999999,0.6099999999999999,0.44999999999999973,0.0,0.31999999999999984,0.0,0.48,0.0,0.0,0.0,0.0,0.0,0.0,0.0,0.0,0.0,0.0,0.0,0.0,0.0,0.0,0.31999999999999984,0.0,0.48,0.0,0.0,0.0,0.21999999999999997,0.0,0.74,0.0,0.6100000000000001,0.7,1.16,0.0,1.95,0.0,0.0,0.31999999999999984,0.0,0.48,0.0,0.0
45.22613065326633,45.22,9.75,0.0,0.0,0.0,0.0,0.0,0.0,0.0,0.0,0.0,0.0,0.06000000000000005,0.0,0.5800000000000001,0.0,0.7400000000000002,0.0,0.0,0.0,0.0,0.0,0.0,0.0,0.0,0.0,0.0,0.0,0.0,0.06000000000000005,0.0,0.5800000000000001,0.0,0.7400000000000002,0.0,0.0,0.29000000000000004,0.21999999999999997,0.0,0.74,0.0,0.6100000000000001,0.7,1.16,0.0,1.95,0.0,0.0,0.5800000000000001,0.0,0.7400000000000002,0.0,0.0
45.678391959798994,45.62,12.159999999999997,0.4600000000000001,0.35,1.1800000000000002,0.12,0.08999999999999997,0.7400000000000001,0.0,1.0899999999999999,1.13,1.33,0.0,0.0,0.0,0.0,0.0,0.0,0.0,0.0,0.0,0.0,0.0,0.0,0.0,0.0,0.0,0.0,0.0,0.0,0.0,0.0,0.0,0.0,0.0,0.0,0.29000000000000004,0.47,0.0,0.24,0.0,0.8600000000000001,0.7,1.16,0.0,1.95,0.0,0.0,0.0,0.0,0.0,0.0,0.0
46.130653266331656,45.59,12.159999999999997,0.4600000000000001,0.35,1.1800000000000002,0.12,0.08999999999999997,0.7400000000000001,0.0,1.0899999999999999,1.13,1.33,0.0,0.0,0.0,0.0,0.0,0.0,0.0,0.0,0.0,0.0,0.0,0.0,0.0,0.0,0.0,0.0,0.0,0.0,0.0,0.0,0.0,0.0,0.0,0.0,0.29000000000000004,0.47,0.0,0.24,0.0,0.8600000000000001,0.7,1.16,0.0,1.95,0.0,0.0,0.0,0.0,0.0,0.0,0.0
46.58291457286432,46.44,11.870000000000005,0.44000000000000006,0.32999999999999996,1.1600000000000001,0.09999999999999998,0.06999999999999995,0.7200000000000001,0.0,1.13,1.17,1.37,0.0,0.0,0.0,0.0,0.0,0.0,0.0,0.0,0.0,0.0,0.0,0.0,0.0,0.0,0.0,0.0,0.0,0.0,0.0,0.0,0.0,0.0,0.0,0.0,0.0,0.47,0.0,0.24,0.0,0.8600000000000001,0.7,1.16,0.0,1.95,0.0,0.0,0.0,0.0,0.0,0.0,0.0
47.03517587939699,46.77,11.870000000000005,0.4600000000000001,0.35,1.1800000000000002,0.12,0.08999999999999997,0.7400000000000001,0.0,1.0899999999999999,1.13,1.33,0.0,0.0,0.0,0.0,0.0,0.0,0.0,0.0,0.0,0.0,0.0,0.0,0.0,0.0,0.0,0.0,0.0,0.0,0.0,0.0,0.0,0.0,0.0,0.0,0.0,0.47,0.0,0.24,0.0,0.8600000000000001,0.7,1.16,0.0,1.95,0.0,0.0,0.0,0.0,0.0,0.0,0.0
47.48743718592965,47.44,10.349999999999994,0.28,0.16999999999999993,0.0,0.0,0.0,0.56,0.0,1.13,1.17,1.37,0.0,0.0,0.0,0.0,0.0,0.0,0.0,0.0,0.0,0.0,0.0,0.0,0.0,0.0,0.0,0.0,0.0,0.0,0.0,0.0,0.0,0.0,0.0,0.0,0.29000000000000004,0.47,0.0,0.24,0.0,0.8600000000000001,0.7,1.16,0.0,1.95,0.0,0.0,0.0,0.0,0.0,0.0,0.0
47.93969849246231,47.9,9.760000000000005,0.10000000000000009,0.0,0.0,0.0,0.0,0.3800000000000001,0.0,0.73,0.77,0.97,0.0,0.0,0.46999999999999975,0.0,0.6299999999999999,0.0,0.0,0.0,0.0,0.0,0.0,0.0,0.0,0.0,0.0,0.0,0.0,0.0,0.0,0.0,0.0,0.020000000000000018,0.0,0.0,0.29000000000000004,0.47,0.0,0.24,0.0,0.8600000000000001,0.7,1.16,0.0,1.95,0.0,0.0,0.0,0.0,0.020000000000000018,0.0,0.0
48.391959798994975,48.05,9.760000000000005,0.10000000000000009,0.0,0.0,0.0,0.0,0.3800000000000001,0.0,0.73,0.77,0.97,0.0,0.0,0.46999999999999975,0.0,0.6299999999999999,0.0,0.0,0.0,0.0,0.0,0.0,0.0,0.0,0.0,0.0,0.0,0.0,0.0,0.0,0.0,0.0,0.020000000000000018,0.0,0.0,0.29000000000000004,0.47,0.0,0.24,0.0,0.8600000000000001,0.7,1.16,0.0,1.95,0.0,0.0,0.0,0.0,0.020000000000000018,0.0,0.0
48.84422110552764,48.74,9.739999999999995,0.0,0.0,0.5800000000000001,0.0,0.0,0.14000000000000012,0.0,0.49,0.53,0.73,0.0,0.0,0.17999999999999972,0.0,0.33999999999999986,0.0,0.0,0.0,0.0,0.0,0.0,0.0,0.0,0.0,0.0,0.0,0.0,0.0,0.0,0.18999999999999995,0.0,0.3500000000000001,0.0,0.0,0.29000000000000004,0.47,0.0,0.24,0.0,0.8600000000000001,0.7,1.16,0.0,1.95,0.0,0.0,0.18999999999999995,0.0,0.3500000000000001,0.0,0.0
49.2964824120603,48.89,9.730000000000004,0.0,0.0,0.5800000000000001,0.0,0.0,0.14000000000000012,0.0,0.49,0.53,0.73,0.0,0.0,0.18999999999999995,0.0,0.33999999999999986,0.0,0.0,0.0,0.0,0.0,0.0,0.0,0.0,0.0,0.0,0.0,0.0,0.0,0.0,0.17999999999999972,0.0,0.33999999999999986,0.0,0.0,0.29000000000000004,0.47,0.0,0.24,0.0,0.8600000000000001,0.7,1.16,0.0,1.95,0.0,0.0,0.18999999999999995,0.0,0.3500000000000001,0.0,0.0
49.74874371859296,49.63,9.730000000000004,0.020000000000000018,0.0,0.0,0.0,0.0,0.29000000000000004,0.0,0.83,0.88,0.9099999999999999,0.44999999999999973,0.0,0.46999999999999975,0.0,0.6299999999999999,0.0,0.0,0.0,0.0,0.0,0.0,0.0,0.0,0.0,0.0,0.0,0.0,0.0,0.0,0.0,0.0,0.020000000000000018,0.0,0.0,0.0,0.0,0.6300000000000001,0.0,0.0,0.19000000000000017,0.7,1.16,0.5800000000000001,1.95,0.0,0.0,0.0,0.0,0.020000000000000018,0.0,0.0
50.20100502512563,50.05,9.739999999999995,0.10000000000000009,0.0,0.0,0.0,0.0,0.3800000000000001,0.0,0.73,0.77,0.97,0.0,0.0,0.46999999999999975,0.0,0.6299999999999999,0.0,0.0,0.0,0.0,0.0,0.0,0.0,0.0,0.0,0.0,0.0,0.0,0.0,0.0,0.040000000000000036,0.0,0.20000000000000018,0.0,0.0,0.0,0.0,0.6300000000000001,0.0,0.0,0.19000000000000017,0.7,1.16,0.5800000000000001,1.95,0.0,0.0,0.040000000000000036,0.0,0.20000000000000018,0.0,0.0
50.653266331658294,50.59,9.730000000000004,0.020000000000000018,0.0,0.74,0.0,0.0,0.30000000000000004,0.0,0.3799999999999999,0.41999999999999993,0.6199999999999999,0.0,0.0,0.2599999999999998,0.0,0.41999999999999993,0.0,0.0,0.0,0.0,0.0,0.0,0.0,0.0,0.0,0.0,0.0,0.0,0.0,0.0,0.2599999999999998,0.0,0.41999999999999993,0.0,0.0,0.0,0.0,0.6300000000000001,0.0,0.0,0.19000000000000017,0.7,1.16,0.5800000000000001,1.95,0.0,0.0,0.2599999999999998,0.0,0.41999999999999993,0.0,0.0
51.10552763819096,50.89,9.719999999999999,0.0,0.0,0.5800000000000001,0.0,0.0,0.14000000000000012,0.0,0.49,0.53,0.73,0.0,0.0,0.2599999999999998,0.0,0.41999999999999993,0.0,0.0,0.0,0.0,0.0,0.0,0.0,0.0,0.0,0.0,0.0,0.0,0.0,0.0,0.2599999999999998,0.0,0.41999999999999993,0.0,0.0,0.0,0.0,0.6300000000000001,0.0,0.0,0.19000000000000017,0.7,1.16,0.5800000000000001,1.95,0.0,0.0,0.2599999999999998,0.0,0.41999999999999993,0.0,0.0
51.55778894472362,51.5,9.719999999999999,0.0,0.0,0.45999999999999996,0.0,0.0,0.020000000000000018,0.0,0.0,0.41999999999999993,0.6199999999999999,0.44999999999999973,0.0,0.33999999999999986,0.0,0.5,0.0,0.0,0.0,0.0,0.0,0.0,0.0,0.0,0.0,0.0,0.0,0.0,0.0,0.0,0.33999999999999986,0.0,0.5,0.0,0.0,0.0,0.0,0.6300000000000001,0.0,0.0,0.19000000000000017,0.7,1.16,0.5800000000000001,1.95,0.0,0.0,0.3500000000000001,0.0,0.5100000000000002,0.0,0.0
52.01005025125628,51.62,9.730000000000004,0.0,0.0,0.3700000000000001,0.0,0.0,0.0,0.0,0.28,0.32000000000000006,0.52,0.44999999999999973,0.0,0.3500000000000001,0.0,0.5100000000000002,0.0,0.0,0.0,0.0,0.0,0.0,0.0,0.0,0.0,0.0,0.0,0.0,0.0,0.0,0.3500000000000001,0.0,0.5100000000000002,0.0,0.0,0.0,0.0,0.6300000000000001,0.0,0.0,0.19000000000000017,0.7,1.16,0.5800000000000001,1.95,0.0,0.0,0.3500000000000001,0.0,0.5100000000000002,0.0,0.0
52.462311557788944,52.44,12.159999999999997,0.44000000000000006,0.32999999999999996,1.1600000000000001,0.09999999999999998,0.06999999999999995,0.7200000000000001,0.0,1.13,1.17,1.37,0.0,0.0,0.0,0.0,0.0,0.0,0.0,0.0,0.0,0.0,0.0,0.0,0.0,0.0,0.0,0.0,0.0,0.0,0.0,0.0,0.0,0.0,0.0,0.0,0.5800000000000001,0.47,0.0,0.24,0.20999999999999996,0.8600000000000001,0.7,1.16,0.0,1.45,0.0,0.0,0.0,0.0,0.0,0.0,0.0
52.914572864321606,52.77,12.159999999999997,0.4600000000000001,0.35,1.1800000000000002,0.12,0.08999999999999997,0.7400000000000001,0.0,1.0899999999999999,1.13,1.33,0.0,0.0,0.0,0.0,0.0,0.0,0.0,0.0,0.0,0.0,0.0,0.0,0.0,0.0,0.0,0.0,0.0,0.0,0.0,0.0,0.0,0.0,0.0,0.0,0.5800000000000001,0.47,0.0,0.24,0.20999999999999996,0.8600000000000001,0.7,1.16,0.0,1.45,0.0,0.0,0.0,0.0,0.0,0.0,0.0
53.36683417085427,53.32,12.159999999999997,0.44000000000000006,0.32999999999999996,1.1600000000000001,0.09999999999999998,0.06999999999999995,0.7200000000000001,0.0,1.13,1.17,1.37,0.44999999999999973,0.0,0.0,0.0,0.0,0.0,0.0,0.0,0.0,0.0,0.0,0.0,0.0,0.0,0.0,0.0,0.0,0.0,0.0,0.0,0.0,0.0,0.0,0.0,0.0,0.47,0.47,0.24,0.0,0.8600000000000001,0.7,1.16,0.4099999999999999,0.9099999999999999,0.0,0.0,0.0,0.0,0.0,0.0,0.0
53.81909547738694,53.77,11.709999999999994,0.4600000000000001,0.35,1.1800000000000002,0.12,0.08999999999999997,0.7400000000000001,0.0,1.0899999999999999,1.13,1.33,0.0,0.0,0.0,0.0,0.0,0.0,0.0,0.0,0.0,0.0,0.0,0.0,0.0,0.0,0.0,0.0,0.0,0.0,0.0,0.0,0.0,0.0,0.0,0.0,0.0,0.47,0.45999999999999996,0.24,0.0,0.8600000000000001,0.7,1.16,0.41999999999999993,0.9099999999999999,0.0,0.0,0.0,0.0,0.0,0.0,0.0
54.2713567839196,54.24,11.709999999999994,0.44000000000000006,0.32999999999999996,1.1600000000000001,0.09999999999999998,0.06999999999999995,0.7200000000000001,0.0,1.13,1.17,1.37,0.0,0.0,0.0,0.0,0.0,0.0,0.0,0.0,0.0,0.0,0.0,0.0,0.0,0.0,0.0,0.0,0.0,0.0,0.0,0.0,0.0,0.0,0.0,0.0,0.2500000000000001,0.15000000000000002,0.6799999999999999,0.0,0.0,0.5400000000000001,0.7,1.16,0.6200000000000001,1.12,0.0,0.0,0.0,0.0,0.0,0.0,0.0
54.72361809045226,54.63,10.150000000000006,0.020000000000000018,0.0,0.0,0.0,0.0,0.29000000000000004,0.0,0.83,0.88,0.9099999999999999,0.44999999999999973,0.0,0.46999999999999975,0.0,0.6299999999999999,0.0,0.0,0.0,0.0,0.0,0.0,0.0,0.0,0.0,0.0,0.0,0.0,0.0,0.0,0.0,0.0,0.0,0.0,0.0,0.5800000000000001,0.47,0.0,0.24,0.20999999999999996,0.8600000000000001,0.7,1.16,0.0,1.45,0.0,0.0,0.0,0.0,0.0,0.0,0.0
55.175879396984925,55.02,9.760000000000005,0.10000000000000009,0.0,0.0,0.0,0.0,0.3800000000000001,0.0,0.73,0.77,0.97,0.0,0.0,0.46999999999999975,0.0,0.6299999999999999,0.0,0.0,0.0,0.0,0.0,0.0,0.0,0.0,0.0,0.0,0.0,0.0,0.0,0.0,0.0,0.0,0.020000000000000018,0.0,0.0,0.5800000000000001,0.47,0.0,0.24,0.20999999999999996,0.8600000000000001,0.7,1.16,0.0,1.45,0.0,0.0,0.0,0.0,0.020000000000000018,0.0,0.0
55.62814070351759,55.59,9.739999999999995,0.020000000000000018,0.0,0.74,0.0,0.0,0.30000000000000004,0.0,0.3799999999999999,0.41999999999999993,0.6199999999999999,0.0,0.0,0.18999999999999995,0.0,0.3500000000000001,0.0,0.0,0.0,0.0,0.0,0.0,0.0,0.0,0.0,0.0,0.0,0.0,0.0,0.0,0.18999999999999995,0.0,0.33999999999999986,0.0,0.0,0.5800000000000001,0.47,0.0,0.24,0.20999999999999996,0.8600000000000001,0.7,1.16,0.0,1.45,0.0,0.0,0.17999999999999972,0.0,0.33999999999999986,0.0,0.0
56.08040201005025,56.05,9.75,0.10000000000000009,0.0,0.0,0.0,0.0,0.3800000000000001,0.0,0.73,0.77,0.97,0.0,0.0,0.46999999999999975,0.0,0.6299999999999999,0.0,0.0,0.0,0.0,0.0,0.0,0.0,0.0,0.0,0.0,0.0,0.0,0.0,0.0,0.040000000000000036,0.0,0.20000000000000018,0.0,0.0,0.0,0.47,0.45999999999999996,0.24,0.0,0.8600000000000001,0.7,1.16,0.41999999999999993,0.9099999999999999,0.0,0.0,0.040000000000000036,0.0,0.20000000000000018,0.0,0.0
56.53266331658291,56.43,9.739999999999995,0.010000000000000009,0.0,0.0,0.0,0.0,0.30000000000000004,0.0,0.83,0.88,0.9099999999999999,0.44999999999999973,0.0,0.46999999999999975,0.0,0.6299999999999999,0.0,0.0,0.0,0.0,0.0,0.0,0.0,0.0,0.0,0.0,0.0,0.0,0.0,0.0,0.0,0.0,0.020000000000000018,0.0,0.0,0.2600000000000001,0.14,0.6799999999999999,0.0,0.0,0.5300000000000001,0.7,1.16,0.6200000000000001,1.13,0.0,0.0,0.0,0.0,0.020000000000000018,0.0,0.0
56.984924623115575,56.9,9.75,0.10000000000000009,0.0,0.0,0.0,0.0,0.3800000000000001,0.0,0.73,0.77,0.97,0.0,0.0,0.46999999999999975,0.0,0.6299999999999999,0.0,0.0,0.0,0.0,0.0,0.0,0.0,0.0,0.0,0.0,0.0,0.0,0.0,0.0,0.040000000000000036,0.0,0.20000000000000018,0.0,0.0,0.2500000000000001,0.15000000000000002,0.6799999999999999,0.0,0.0,0.5300000000000001,0.7,1.16,0.6200000000000001,1.13,0.0,0.0,0.040000000000000036,0.0,0.20000000000000018,0.0,0.0
57.437185929648244,57.39,9.75,0.020000000000000018,0.0,0.74,0.0,0.0,0.30000000000000004,0.0,0.3799999999999999,0.41999999999999993,0.6199999999999999,0.0,0.0,0.2599999999999998,0.0,0.41999999999999993,0.0,0.0,0.0,0.0,0.0,0.0,0.0,0.0,0.0,0.0,0.0,0.0,0.0,0.0,0.2599999999999998,0.0,0.41999999999999993,0.0,0.0,0.2600000000000001,0.15000000000000002,0.6799999999999999,0.0,0.0,0.5400000000000001,0.7,1.16,0.6200000000000001,1.12,0.0,0.0,0.2599999999999998,0.0,0.41999999999999993,0.0,0.0
57.88944723618091,57.69,9.719999999999999,0.0,0.0,0.5800000000000001,0.0,0.0,0.14000000000000012,0.0,0.49,0.53,0.73,0.0,0.0,0.2599999999999998,0.0,0.41999999999999993,0.0,0.0,0.0,0.0,0.0,0.0,0.0,0.0,0.0,0.0,0.0,0.0,0.0,0.0,0.2599999999999998,0.0,0.41999999999999993,0.0,0.0,0.2500000000000001,0.14,0.6700000000000002,0.0,0.0,0.5400000000000001,0.7,1.16,0.6299999999999999,1.12,0.0,0.0,0.2599999999999998,0.0,0.41999999999999993,0.0,0.0
58.34170854271357,58.3,9.739999999999995,0.0,0.0,0.45999999999999996,0.0,0.0,0.030000000000000027,0.0,0.0,0.4099999999999999,0.6099999999999999,0.44999999999999973,0.0,0.33999999999999986,0.0,0.5100000000000002,0.0,0.0,0.0,0.0,0.0,0.0,0.0,0.0,0.0,0.0,0.0,0.0,0.0,0.0,0.3500000000000001,0.0,0.5100000000000002,0.0,0.0,0.2500000000000001,0.15000000000000002,0.6700000000000002,0.0,0.0,0.5400000000000001,0.7,1.16,0.6299999999999999,1.12,0.0,0.0,0.3500000000000001,0.0,0.5,0.0,0.0
58.79396984924623,58.42,9.739999999999995,0.0,0.0,0.3700000000000001,0.0,0.0,0.0,0.0,0.28,0.32000000000000006,0.52,0.44999999999999973,0.0,0.3500000000000001,0.0,0.5100000000000002,0.0,0.0,0.0,0.0,0.0,0.0,0.0,0.0,0.0,0.0,0.0,0.0,0.0,0.0,0.3500000000000001,0.0,0.5100000000000002,0.0,0.0,0.2500000000000001,0.15000000000000002,0.6799999999999999,0.0,0.0,0.5300000000000001,0.7,1.16,0.6200000000000001,1.13,0.0,0.0,0.3500000000000001,0.0,0.5100000000000002,0.0,0.0
59.246231155778894,59.24,9.75,0.0,0.0,0.3700000000000001,0.0,0.0,0.0,0.0,0.28,0.32000000000000006,0.52,0.0,0.0,0.4299999999999997,0.0,0.5899999999999999,0.0,0.0,0.0,0.0,0.0,0.0,0.0,0.0,0.0,0.0,0.0,0.0,0.0,0.0,0.4299999999999997,0.0,0.5899999999999999,0.0,0.0,0.2500000000000001,0.14,0.6799999999999999,0.0,0.0,0.5300000000000001,0.7,1.16,0.6200000000000001,1.13,0.0,0.0,0.4299999999999997,0.0,0.5800000000000001,0.0,0.0
59.698492462311556,59.67,9.730000000000004,0.0,0.0,0.0,0.0,0.0,0.0,0.0,0.0,0.0,0.0,0.10999999999999988,0.0,0.6400000000000001,0.0,0.8000000000000003,0.0,0.0,0.0,0.0,0.0,0.0,0.0,0.0,0.0,0.0,0.0,0.0,0.10999999999999988,0.0,0.6299999999999999,0.0,0.8000000000000003,0.0,0.0,0.2500000000000001,0.14,0.6799999999999999,0.0,0.0,0.5400000000000001,0.7,1.16,0.6200000000000001,1.12,0.0,0.0,0.6400000000000001,0.0,0.79,0.0,0.0
60.15075376884422,60.1,9.730000000000004,0.0,0.0,0.0,0.0,0.0,0.0,0.0,0.0,0.0,0.0,0.10999999999999988,0.0,0.6400000000000001,0.0,0.8000000000000003,0.0,0.0,0.0,0.0,0.0,0.0,0.0,0.0,0.0,0.0,0.0,0.0,0.10999999999999988,0.0,0.6400000000000001,0.0,0.79,0.0,0.0,0.2500000000000001,0.15000000000000002,0.6700000000000002,0.0,0.0,0.5300000000000001,0.7,1.16,0.6299999999999999,1.13,0.0,0.0,0.6299999999999999,0.0,0.79,0.0,0.0
60.60301507537689,60.5,6.739999999999995,0.0,0.0,0.47,0.0,0.0,0.020000000000000018,0.0,0.0,0.4099999999999999,0.6199999999999999,0.0,0.0,0.0,0.0,0.0,0.0,0.0,0.0,0.0,0.0,0.0,0.0,0.0,0.0,0.0,0.0,0.0,0.0,0.0,0.0,0.0,0.0,0.0,0.0,0.0,0.47,0.45999999999999996,0.24,0.0,0.8600000000000001,0.7,1.16,0.41999999999999993,0.9099999999999999,0.0,0.0,0.0,0.0,0.0,0.0,0.0
61.05527638190955,60.92,7.170000000000002,0.0,0.0,0.3700000000000001,0.0,0.0,0.0,0.0,0.28,0.32000000000000006,0.52,0.44999999999999973,0.0,0.0,0.0,0.0,0.0,0.0,0.0,0.0,0.0,0.0,0.0,0.0,0.0,0.0,0.0,0.0,0.0,0.0,0.0,0.0,0.0,0.0,0.0,0.2600000000000001,0.14,0.6700000000000002,0.0,0.0,0.5400000000000001,0.7,1.16,0.6299999999999999,1.13,0.0,0.0,0.0,0.0,0.0,0.0,0.0
61.50753768844221,61.37,5.739999999999995,0.0,0.0,0.0,0.0,0.0,0.0,0.0,0.0,0.0,0.0,0.0,0.0,0.0,0.0,0.16999999999999993,0.0,0.0,0.0,0.0,0.0,0.0,0.0,0.0,0.0,0.0,0.0,0.0,0.0,0.0,0.009999999999999787,0.0,0.16999999999999993,0.0,0.0,0.0,0.47,0.47,0.24,0.0,0.8600000000000001,0.7,1.16,0.4099999999999999,0.9099999999999999,0.0,0.0,0.0,0.0,0.16999999999999993,0.0,0.0
61.959798994974875,61.89,5.900000000000006,0.0,0.0,0.0,0.0,0.0,0.0,0.0,0.1299999999999999,0.16999999999999993,0.3699999999999999,0.0,0.0,0.0,0.0,0.0,0.0,0.0,0.0,0.0,0.0,0.0,0.0,0.0,0.0,0.0,0.0,0.0,0.0,0.0,0.0,0.0,0.0,0.0,0.0,0.2500000000000001,0.15000000000000002,0.6700000000000002,0.0,0.0,0.5400000000000001,0.7,1.16,0.6299999999999999,1.13,0.0,0.0,0.0,0.0,0.0,0.0,0.0
62.41206030150754,62.32,5.75,0.0,0.0,0.0,0.0,0.0,0.0,0.0,0.0,0.0,0.0,0.0,0.0,0.009999999999999787,0.0,0.16999999999999993,0.0,0.0,0.0,0.0,0.0,0.0,0.0,0.0,0.0,0.0,0.0,0.0,0.0,0.0,0.009999999999999787,0.0,0.16999999999999993,0.0,0.0,0.2500000000000001,0.15000000000000002,0.6799999999999999,0.0,0.0,0.5400000000000001,0.7,1.16,0.6200000000000001,1.12,0.0,0.0,0.0,0.0,0.16999999999999993,0.0,0.0
62.8643216080402,62.75,5.739999999999995,0.0,0.0,0.0,0.0,0.0,0.0,0.0,0.0,0.0,0.0,0.0,0.0,0.009999999999999787,0.0,0.16999999999999993,0.0,0.0,0.0,0.0,0.0,0.0,0.0,0.0,0.0,0.0,0.0,0.0,0.0,0.0,0.0,0.0,0.16999999999999993,0.0,0.0,0.2500000000000001,0.14,0.6799999999999999,0.0,0.0,0.5300000000000001,0.7,1.16,0.6200000000000001,1.13,0.0,0.0,0.009999999999999787,0.0,0.16999999999999993,0.0,0.0
63.31658291457286,62.87,5.739999999999995,0.0,0.0,0.0,0.0,0.0,0.0,0.0,0.0,0.0,0.0,0.0,0.0,0.0,0.0,0.16999999999999993,0.0,0.0,0.0,0.0,0.0,0.0,0.0,0.0,0.0,0.0,0.0,0.0,0.0,0.0,0.009999999999999787,0.0,0.16000000000000014,0.0,0.0,0.2600000000000001,0.15000000000000002,0.6700000000000002,0.0,0.0,0.5300000000000001,0.7,1.16,0.6299999999999999,1.12,0.0,0.0,0.009999999999999787,0.0,0.16999999999999993,0.0,0.0
63.768844221105525,63.67,5.25,0.0,0.0,0.0,0.0,0.0,0.0,0.0,0.0,0.0,0.0,0.0,0.0,0.0,0.0,0.03000000000000025,0.0,0.0,0.0,0.0,0.0,0.0,0.0,0.0,0.0,0.0,0.0,0.0,0.0,0.0,0.0,0.0,0.0,0.0,0.0,0.2600000000000001,0.14,0.6799999999999999,0.0,0.0,0.5400000000000001,0.7,1.16,0.6200000000000001,1.12,0.0,0.0,0.0,0.0,0.0,0.0,0.0
64.22110552763819,64.02,5.25,0.0,0.0,0.0,0.0,0.0,0.0,0.0,0.0,0.0,0.0,0.0,0.0,0.0,0.0,0.03000000000000025,0.0,0.0,0.0,0.0,0.0,0.0,0.0,0.0,0.0,0.0,0.0,0.0,0.0,0.0,0.0,0.0,0.0,0.0,0.0,0.2500000000000001,0.15000000000000002,0.6700000000000002,0.0,0.0,0.5400000000000001,0.7,1.16,0.6299999999999999,1.12,0.0,0.0,0.0,0.0,0.0,0.0,0.0
64.67336683417085,64.63,5.219999999999999,0.0,0.0,0.0,0.0,0.0,0.0,0.0,0.0,0.0,0.0,0.0,0.0,0.0,0.0,0.0,0.0,0.0,0.0,0.0,0.0,0.0,0.0,0.0,0.0,0.0,0.0,0.0,0.0,0.0,0.0,0.0,0.0,0.0,0.0,0.2600000000000001,0.14,0.6700000000000002,0.0,0.0,0.5300000000000001,0.7,1.16,0.6299999999999999,1.13,0.0,0.0,0.0,0.0,0.0,0.0,0.0
65.12562814070351,65.02,5.760000000000005,0.0,0.0,0.0,0.0,0.0,0.0,0.0,0.0,0.0,0.0,0.0,0.0,0.009999999999999787,0.0,0.16999999999999993,0.0,0.0,0.0,0.0,0.0,0.0,0.0,0.0,0.0,0.0,0.0,0.0,0.0,0.0,0.0,0.0,0.16999999999999993,0.0,0.0,0.29000000000000004,0.17999999999999994,1.01,0.0,0.0,0.5700000000000001,0.1499999999999999,0.9199999999999999,0.96,1.16,0.0,0.0,0.0,0.0,0.16999999999999993,0.0,0.0
65.57788944723617,65.52,5.739999999999995,0.0,0.0,0.0,0.0,0.0,0.0,0.0,0.0,0.0,0.0,0.0,0.0,0.009999999999999787,0.0,0.16999999999999993,0.0,0.0,0.0,0.0,0.0,0.0,0.0,0.0,0.0,0.0,0.0,0.0,0.0,0.0,0.0,0.0,0.16999999999999993,0.0,0.0,0.2500000000000001,0.15000000000000002,0.9600000000000001,0.0,0.0,0.5300000000000001,0.41000000000000003,0.87,0.91,1.13,0.0,0.0,0.009999999999999787,0.0,0.16999999999999993,0.0,0.0
66.03015075376885,66.02,5.730000000000004,0.0,0.0,0.0,0.0,0.0,0.0,0.0,0.0,0.0,0.0,0.0,0.0,0.009999999999999787,0.0,0.16999999999999993,0.0,0.0,0.0,0.0,0.0,0.0,0.0,0.0,0.0,0.0,0.0,0.0,0.0,0.0,0.009999999999999787,0.0,0.16000000000000014,0.0,0.0,0.2500000000000001,0.14,0.9600000000000001,0.0,0.0,0.5400000000000001,0.41000000000000003,0.87,0.91,1.13,0.0,0.0,0.0,0.0,0.16999999999999993,0.0,0.0
66.48241206030151,66.4,5.730000000000004,0.0,0.0,0.0,0.0,0.0,0.0,0.0,0.0,0.0,0.0,0.0,0.0,0.009999999999999787,0.0,0.16999999999999993,0.0,0.0,0.0,0.0,0.0,0.0,0.0,0.0,0.0,0.0,0.0,0.0,0.0,0.0,0.0,0.0,0.16999999999999993,0.0,0.0,0.2600000000000001,0.14,0.9600000000000001,0.0,0.0,0.5300000000000001,0.41000000000000003,0.87,0.91,1.13,0.0,0.0,0.0,0.0,0.16999999999999993,0.0,0.0
66.93467336683418,66.82,5.269999999999996,0.0,0.0,0.0,0.0,0.0,0.0,0.0,0.0,0.0,0.0,0.0,0.0,0.0,0.0,0.03000000000000025,0.0,0.0,0.0,0.0,0.0,0.0,0.0,0.0,0.0,0.0,0.0,0.0,0.0,0.0,0.0,0.0,0.0,0.0,0.0,0.29000000000000004,0.17999999999999994,1.01,0.0,0.0,0.5700000000000001,0.1499999999999999,0.9199999999999999,0.96,1.16,0.0,0.0,0.0,0.0,0.0,0.0,0.0
67.38693467336684,67.35,5.790000000000006,0.020000000000000018,0.0,0.74,0.0,0.0,0.30000000000000004,0.0,0.0,0.1299999999999999,0.32000000000000006,0.44999999999999973,0.0,0.0,0.0,0.0,0.0,0.0,0.0,0.0,0.0,0.0,0.0,0.0,0.0,0.0,0.0,0.0,0.0,0.0,0.22999999999999998,0.0,0.3799999999999999,0.0,0.0,0.29000000000000004,0.20999999999999996,0.0,0.0,0.0,0.0,0.7,1.16,0.0,0.1299999999999999,0.0,0.11999999999999988,0.22999999999999998,0.0,0.3799999999999999,0.0,0.0
67.8391959798995,67.74,5.810000000000002,0.0,0.0,0.3700000000000001,0.0,0.0,0.0,0.0,0.28,0.32000000000000006,0.52,0.44999999999999973,0.0,0.0,0.0,0.0,0.0,0.0,0.0,0.0,0.0,0.0,0.0,0.0,0.0,0.0,0.0,0.0,0.0,0.0,0.23999999999999977,0.0,0.3900000000000001,0.0,0.0,0.29000000000000004,0.20999999999999996,0.0,0.0,0.0,0.0,0.7,1.16,0.0,0.1299999999999999,0.0,0.11999999999999988,0.22999999999999998,0.0,0.3999999999999999,0.0,0.0
68.29145728643216,68.27,5.75,0.0,0.0,0.3700000000000001,0.0,0.0,0.0,0.0,0.28,0.32000000000000006,0.52,0.0,0.0,0.18999999999999995,0.0,0.3500000000000001,0.0,0.0,0.0,0.0,0.0,0.0,0.0,0.0,0.0,0.0,0.0,0.0,0.0,0.0,0.18999999999999995,0.0,0.3599999999999999,0.0,0.0,0.29000000000000004,0.20999999999999996,0.0,0.0,0.0,0.0,0.7,1.16,0.0,0.1299999999999999,0.0,0.11999999999999988,0.19999999999999973,0.0,0.3599999999999999,0.0,0.0
68.74371859296483,68.72,5.730000000000004,0.0,0.0,0.0,0.0,0.0,0.0,0.0,0.0,0.0,0.0,0.0,0.0,0.43999999999999995,0.0,0.6000000000000001,0.0,0.0,0.0,0.0,0.0,0.0,0.0,0.0,0.0,0.0,0.0,0.0,0.0,0.0,0.43999999999999995,0.0,0.6000000000000001,0.0,0.0,0.29000000000000004,0.20999999999999996,0.0,0.0,0.0,0.0,0.7,1.16,0.0,0.1299999999999999,0.0,0.11999999999999988,0.43999999999999995,0.0,0.6000000000000001,0.0,0.0
69.19597989949749,69.17,5.730000000000004,0.0,0.0,0.0,0.0,0.0,0.0,0.0,0.0,0.0,0.0,0.0,0.0,0.43999999999999995,0.0,0.6000000000000001,0.0,0.0,0.0,0.0,0.0,0.0,0.0,0.0,0.0,0.0,0.0,0.0,0.0,0.0,0.43999999999999995,0.0,0.6000000000000001,0.0,0.0,0.29000000000000004,0.20999999999999996,0.0,0.0,0.0,0.0,0.7,1.16,0.0,0.1299999999999999,0.0,0.11999999999999988,0.43999999999999995,0.0,0.6000000000000001,0.0,0.0
69.64824120603015,69.52,4.299999999999997,0.0,0.0,0.3700000000000001,0.0,0.0,0.0,0.0,0.28,0.32000000000000006,0.52,0.44999999999999973,0.0,0.0,0.0,0.0,0.0,0.0,0.0,0.0,0.0,0.0,0.0,0.0,0.0,0.0,0.0,0.0,0.0,0.0,0.0,0.0,0.0,0.0,0.0,0.29000000000000004,0.20999999999999996,0.0,0.0,0.0,0.0,0.7,1.16,0.0,0.0,0.0,0.0,0.0,0.0,0.0,0.0,0.0
70.10050251256281,70.02,3.8499999999999943,0.0,0.0,0.3700000000000001,0.0,0.0,0.0,0.0,0.28,0.32000000000000006,0.52,0.0,0.0,0.0,0.0,0.0,0.0,0.0,0.0,0.0,0.0,0.0,0.0,0.0,0.0,0.0,0.0,0.0,0.0,0.0,0.0,0.0,0.0,0.0,0.0,0.29000000000000004,0.20999999999999996,0.0,0.0,0.0,0.0,0.7,1.16,0.0,0.0,0.0,0.0,0.0,0.0,0.0,0.0,0.0
70.55276381909547,70.49,3.3299999999999983,0.0,0.0,0.0,0.0,0.0,0.0,0.0,0.1299999999999999,0.16999999999999993,0.3699999999999999,0.0,0.0,0.0,0.0,0.10000000000000009,0.0,0.0,0.0,0.0,0.0,0.0,0.0,0.0,0.0,0.0,0.0,0.0,0.0,0.0,0.0,0.0,0.10000000000000009,0.0,0.0,0.29000000000000004,0.20999999999999996,0.0,0.0,0.0,0.0,0.7,1.16,0.0,0.0,0.0,0.0,0.0,0.0,0.10000000000000009,0.0,0.0
71.00502512562814,70.92,3.319999999999993,0.0,0.0,0.0,0.0,0.0,0.0,0.0,0.0,0.0,0.0,0.0,0.0,0.08000000000000007,0.0,0.2400000000000002,0.0,0.0,0.0,0.0,0.0,0.0,0.0,0.0,0.0,0.0,0.0,0.0,0.0,0.0,0.08000000000000007,0.0,0.2400000000000002,0.0,0.0,0.29000000000000004,0.20999999999999996,0.0,0.0,0.0,0.0,0.7,1.16,0.0,0.0,0.0,0.0,0.08000000000000007,0.0,0.2400000000000002,0.0,0.0
71.4572864321608,71.32,2.6299999999999955,0.0,0.0,0.0,0.0,0.0,0.0,0.0,0.0,0.0,0.0,0.0,0.0,0.0,0.0,0.08999999999999986,0.0,0.0,0.0,0.0,0.0,0.0,0.0,0.0,0.0,0.0,0.0,0.0,0.0,0.0,0.0,0.0,0.08999999999999986,0.0,0.0,0.29000000000000004,0.20999999999999996,0.0,0.0,0.0,0.0,0.7,1.16,0.0,0.0,0.0,0.0,0.0,0.0,0.08999999999999986,0.0,0.0
71.90954773869346,71.82,2.4200000000000017,0.0,0.0,0.0,0.0,0.0,0.0,0.0,0.0,0.0,0.0,0.0,0.0,0.0,0.0,0.020000000000000018,0.0,0.0,0.0,0.0,0.0,0.0,0.0,0.0,0.0,0.0,0.0,0.0,0.0,0.0,0.0,0.0,0.020000000000000018,0.0,0.0,0.29000000000000004,0.20999999999999996,0.0,0.0,0.0,0.0,0.7,1.16,0.0,0.0,0.0,0.0,0.0,0.0,0.020000000000000018,0.0,0.0
72.36180904522612,72.32,2.6500000000000057,0.0,0.0,0.0,0.0,0.0,0.0,0.0,0.0,0.0,0.0,0.0,0.0,0.020000000000000018,0.0,0.18000000000000016,0.0,0.0,0.0,0.0,0.0,0.0,0.0,0.0,0.0,0.0,0.0,0.0,0.0,0.0,0.020000000000000018,0.0,0.18000000000000016,0.0,0.0,0.0,0.20999999999999996,0.0,0.0,0.0,0.0,0.7,1.16,0.0,0.0,0.0,0.0,0.009999999999999787,0.0,0.16999999999999993,0.0,0.0
72.8140703517588,72.67,2.430000000000007,0.0,0.0,0.0,0.0,0.0,0.0,0.0,0.0,0.0,0.0,0.0,0.0,0.0,0.0,0.1200000000000001,0.0,0.0,0.0,0.0,0.0,0.0,0.0,0.0,0.0,0.0,0.0,0.0,0.0,0.0,0.0,0.0,0.1200000000000001,0.0,0.0,0.0,0.20999999999999996,0.0,0.0,0.0,0.0,0.7,1.16,0.0,0.0,0.0,0.0,0.0,0.0,0.1200000000000001,0.0,0.0
73.26633165829146,73.17,2.6299999999999955,0.0,0.0,0.0,0.0,0.0,0.0,0.0,0.0,0.0,0.0,0.0,0.0,0.040000000000000036,0.0,0.20000000000000018,0.0,0.0,0.0,0.0,0.0,0.0,0.0,0.0,0.0,0.0,0.0,0.0,0.0,0.0,0.040000000000000036,0.0,0.20000000000000018,0.0,0.0,0.0,0.0,0.050000000000000044,0.0,0.0,0.0,0.7,1.16,0.0,0.0,0.0,0.0,0.040000000000000036,0.0,0.20000000000000018,0.0,0.0
73.71859296482413,73.62,2.6500000000000057,0.0,0.0,0.0,0.0,0.0,0.0,0.0,0.0,0.0,0.0,0.0,0.0,0.10000000000000009,0.0,0.27,0.0,0.0,0.0,0.0,0.0,0.0,0.0,0.0,0.0,0.0,0.0,0.0,0.0,0.0,0.06999999999999984,0.0,0.22999999999999998,0.0,0.0,0.29000000000000004,0.20999999999999996,0.0,0.0,0.0,0.030000000000000027,0.1499999999999999,0.3799999999999999,0.0,0.6199999999999999,0.0,0.0,0.06999999999999984,0.0,0.22999999999999998,0.0,0.0
74.17085427135679,74.12,2.6500000000000057,0.0,0.0,0.0,0.0,0.0,0.0,0.0,0.0,0.0,0.0,0.0,0.0,0.10999999999999988,0.0,0.26000000000000023,0.0,0.0,0.0,0.0,0.0,0.0,0.0,0.0,0.0,0.0,0.0,0.0,0.0,0.0,0.06999999999999984,0.0,0.22999999999999998,0.0,0.0,0.29000000000000004,0.20999999999999996,0.0,0.0,0.0,0.08000000000000007,0.0,0.42999999999999994,0.0,0.6699999999999999,0.0,0.0,0.06999999999999984,0.0,0.22999999999999998,0.0,0.0
74.62311557788945,74.52,1.75,0.0,0.0,0.0,0.0,0.0,0.0,0.0,0.0,0.0,0.0,0.0,0.0,0.0,0.0,0.03000000000000025,0.0,0.0,0.0,0.0,0.0,0.0,0.0,0.0,0.0,0.0,0.0,0.0,0.0,0.0,0.0,0.0,0.020000000000000018,0.0,0.0,0.29000000000000004,0.20999999999999996,0.0,0.0,0.0,0.030000000000000027,0.1499999999999999,0.3799999999999999,0.0,0.6199999999999999,0.0,0.0,0.0,0.0,0.020000000000000018,0.0,0.0
75.07537688442211,75.02,1.75,0.0,0.0,0.0,0.0,0.0,0.0,0.0,0.0,0.0,0.0,0.0,0.0,0.0,0.0,0.03000000000000025,0.0,0.0,0.0,0.0,0.0,0.0,0.0,0.0,0.0,0.0,0.0,0.0,0.0,0.0,0.0,0.0,0.020000000000000018,0.0,0.0,0.29000000000000004,0.20999999999999996,0.0,0.0,0.0,0.08000000000000007,0.0,0.42999999999999994,0.0,0.6699999999999999,0.0,0.0,0.0,0.0,0.020000000000000018,0.0,0.0
75.52763819095478,75.52,1.75,0.0,0.0,0.0,0.0,0.0,0.0,0.0,0.0,0.0,0.0,0.0,0.0,0.0,0.0,0.1200000000000001,0.0,0.0,0.0,0.0,0.0,0.0,0.0,0.0,0.0,0.0,0.0,0.0,0.0,0.0,0.0,0.0,0.1200000000000001,0.0,0.0,0.0,0.20999999999999996,0.0,0.0,0.0,0.030000000000000027,0.1499999999999999,0.3799999999999999,0.0,0.6199999999999999,0.0,0.0,0.0,0.0,0.1200000000000001,0.0,0.0
75.97989949748744,75.82,1.75,0.0,0.0,0.0,0.0,0.0,0.0,0.0,0.0,0.0,0.0,0.0,0.0,0.0,0.0,0.1200000000000001,0.0,0.0,0.0,0.0,0.0,0.0,0.0,0.0,0.0,0.0,0.0,0.0,0.0,0.0,0.0,0.0,0.1200000000000001,0.0,0.0,0.0,0.20999999999999996,0.0,0.0,0.0,0.030000000000000027,0.1499999999999999,0.3799999999999999,0.0,0.6199999999999999,0.0,0.0,0.0,0.0,0.1200000000000001,0.0,0.0
76.4321608040201,76.37,2.6400000000000006,0.0,0.0,0.0,0.0,0.0,0.0,0.0,0.0,0.0,0.0,0.0,0.0,0.25,0.0,0.41000000000000014,0.0,0.0,0.0,0.0,0.0,0.0,0.0,0.0,0.0,0.0,0.0,0.0,0.0,0.0,0.25,0.0,0.41000000000000014,0.0,0.0,0.0,0.0,0.0,0.0,0.0,0.1100000000000001,0.1499999999999999,0.040000000000000036,0.08000000000000007,0.28,0.0,0.0,0.25,0.0,0.41000000000000014,0.0,0.0
76.88442211055276,76.87,0.7199999999999989,0.0,0.0,0.0,0.0,0.0,0.0,0.0,0.0,0.0,0.0,0.0,0.0,0.0,0.0,0.020000000000000018,0.0,0.0,0.0,0.0,0.0,0.0,0.0,0.0,0.0,0.0,0.0,0.0,0.0,0.0,0.0,0.0,0.020000000000000018,0.0,0.0,0.0,0.0,0.0,0.0,0.0,0.1100000000000001,0.1499999999999999,0.040000000000000036,0.08000000000000007,0.28,0.0,0.0,0.0,0.0,0.020000000000000018,0.0,0.0
77.33668341708542,77.22,0.730000000000004,0.0,0.0,0.0,0.0,0.0,0.0,0.0,0.0,0.0,0.0,0.0,0.0,0.0,0.0,0.020000000000000018,0.0,0.0,0.0,0.0,0.0,0.0,0.0,0.0,0.0,0.0,0.0,0.0,0.0,0.0,0.0,0.0,0.020000000000000018,0.0,0.0,0.0,0.0,0.0,0.0,0.0,0.1100000000000001,0.0,0.10999999999999988,0.1200000000000001,0.32999999999999985,0.0,0.0,0.0,0.0,0.020000000000000018,0.0,0.0
77.78894472361809,77.75,0.730000000000004,0.0,0.0,0.0,0.0,0.0,0.0,0.0,0.0,0.0,0.0,0.0,0.0,0.0,0.0,0.020000000000000018,0.0,0.0,0.0,0.0,0.0,0.0,0.0,0.0,0.0,0.0,0.0,0.0,0.0,0.0,0.0,0.0,0.020000000000000018,0.0,0.0,0.0,0.0,0.0,0.0,0.0,0.1100000000000001,0.0,0.10999999999999988,0.1299999999999999,0.32000000000000006,0.0,0.0,0.0,0.0,0.020000000000000018,0.0,0.0
78.24120603015075,78.22,0.6700000000000017,0.0,0.0,0.0,0.0,0.0,0.0,0.0,0.0,0.0,0.0,0.0,0.0,0.0,0.0,0.0,0.0,0.0,0.0,0.0,0.0,0.0,0.0,0.0,0.0,0.0,0.0,0.0,0.0,0.0,0.0,0.0,0.0,0.0,0.0,0.0,0.0,0.0,0.0,0.0,0.1100000000000001,0.0,0.10999999999999988,0.1299999999999999,0.32000000000000006,0.0,0.0,0.0,0.0,0.0,0.0,0.0
78.69346733668341,78.52,0.6700000000000017,0.0,0.0,0.0,0.0,0.0,0.0,0.0,0.0,0.0,0.0,0.0,0.0,0.0,0.0,0.0,0.0,0.0,0.0,0.0,0.0,0.0,0.0,0.0,0.0,0.0,0.0,0.0,0.0,0.0,0.0,0.0,0.0,0.0,0.0,0.0,0.0,0.0,0.0,0.0,0.1100000000000001,0.0,0.10999999999999988,0.1200000000000001,0.32999999999999985,0.0,0.0,0.0,0.0,0.0,0.0,0.0
79.14572864321607,78.95,0.6700000000000017,0.0,0.0,0.0,0.0,0.0,0.0,0.0,0.0,0.0,0.0,0.0,0.0,0.0,0.0,0.0,0.0,0.0,0.0,0.0,0.0,0.0,0.0,0.0,0.0,0.0,0.0,0.0,0.0,0.0,0.0,0.0,0.0,0.0,0.0,0.0,0.0,0.0,0.0,0.0,0.1100000000000001,0.0,0.10999999999999988,0.1200000000000001,0.32999999999999985,0.0,0.0,0.0,0.0,0.0,0.0,0.0
79.59798994974874,79.52,0.7399999999999949,0.0,0.0,0.0,0.0,0.0,0.0,0.0,0.0,0.0,0.0,0.0,0.0,0.0,0.0,0.16000000000000014,0.0,0.0,0.0,0.0,0.0,0.0,0.0,0.0,0.0,0.0,0.0,0.0,0.0,0.0,0.0,0.0,0.16000000000000014,0.0,0.0,0.0,0.0,0.0,0.0,0.0,0.1100000000000001,0.1499999999999999,0.0,0.0,0.0,0.0,0.0,0.0,0.0,0.16000000000000014,0.0,0.0
80.05025125628141,80.02,0.75,0.0,0.0,0.0,0.0,0.0,0.0,0.0,0.0,0.0,0.0,0.0,0.0,0.009999999999999787,0.0,0.16999999999999993,0.0,0.0,0.0,0.0,0.0,0.0,0.0,0.0,0.0,0.0,0.0,0.0,0.0,0.0,0.0,0.0,0.16999999999999993,0.0,0.0,0.0,0.0,0.0,0.0,0.0,0.1100000000000001,0.0,0.10999999999999988,0.0,0.0,0.0,0.0,0.009999999999999787,0.0,0.16999999999999993,0.0,0.0
80.50251256281408,80.37,0.2600000000000051,0.0,0.0,0.0,0.0,0.0,0.0,0.0,0.0,0.0,0.0,0.0,0.0,0.0,0.0,0.0,0.0,0.0,0.0,0.0,0.0,0.0,0.0,0.0,0.0,0.0,0.0,0.0,0.0,0.0,0.0,0.0,0.0,0.0,0.0,0.0,0.0,0.0,0.0,0.0,0.1100000000000001,0.1499999999999999,0.0,0.0,0.0,0.0,0.0,0.0,0.0,0.0,0.0,0.0
80.95477386934674,80.87,0.21999999999999886,0.0,0.0,0.0,0.0,0.0,0.0,0.0,0.0,0.0,0.0,0.0,0.0,0.0,0.0,0.0,0.0,0.0,0.0,0.0,0.0,0.0,0.0,0.0,0.0,0.0,0.0,0.0,0.0,0.0,0.0,0.0,0.0,0.0,0.0,0.0,0.0,0.0,0.0,0.0,0.1100000000000001,0.0,0.10999999999999988,0.0,0.0,0.0,0.0,0.0,0.0,0.0,0.0,0.0
81.4070351758794,81.4,0.21999999999999886,0.0,0.0,0.0,0.0,0.0,0.0,0.0,0.0,0.0,0.0,0.0,0.0,0.0,0.0,0.0,0.0,0.0,0.0,0.0,0.0,0.0,0.0,0.0,0.0,0.0,0.0,0.0,0.0,0.0,0.0,0.0,0.0,0.0,0.0,0.0,0.0,0.0,0.0,0.0,0.1100000000000001,0.0,0.10999999999999988,0.0,0.0,0.0,0.0,0.0,0.0,0.0,0.0,0.0
81.85929648241206,81.82,0.21999999999999886,0.0,0.0,0.0,0.0,0.0,0.0,0.0,0.0,0.0,0.0,0.0,0.0,0.0,0.0,0.0,0.0,0.0,0.0,0.0,0.0,0.0,0.0,0.0,0.0,0.0,0.0,0.0,0.0,0.0,0.0,0.0,0.0,0.0,0.0,0.0,0.0,0.0,0.0,0.0,0.1100000000000001,0.0,0.10999999999999988,0.0,0.0,0.0,0.0,0.0,0.0,0.0,0.0,0.0
82.31155778894473,82.17,0.21999999999999886,0.0,0.0,0.0,0.0,0.0,0.0,0.0,0.0,0.0,0.0,0.0,0.0,0.0,0.0,0.0,0.0,0.0,0.0,0.0,0.0,0.0,0.0,0.0,0.0,0.0,0.0,0.0,0.0,0.0,0.0,0.0,0.0,0.0,0.0,0.0,0.0,0.0,0.0,0.0,0.0,0.0,0.10999999999999988,0.0,0.10999999999999988,0.0,0.0,0.0,0.0,0.0,0.0,0.0
82.76381909547739,82.67,0.21999999999999886,0.0,0.0,0.0,0.0,0.0,0.0,0.0,0.0,0.0,0.0,0.0,0.0,0.0,0.0,0.0,0.0,0.0,0.0,0.0,0.0,0.0,0.0,0.0,0.0,0.0,0.0,0.0,0.0,0.0,0.0,0.0,0.0,0.0,0.0,0.0,0.0,0.0,0.0,0.0,0.0,0.0,0.10999999999999988,0.0,0.10999999999999988,0.0,0.0,0.0,0.0,0.0,0.0,0.0
83.21608040201005,83.15,0.21999999999999886,0.0,0.0,0.0,0.0,0.0,0.0,0.0,0.0,0.0,0.0,0.0,0.0,0.0,0.0,0.0,0.0,0.0,0.0,0.0,0.0,0.0,0.0,0.0,0.0,0.0,0.0,0.0,0.0,0.0,0.0,0.0,0.0,0.0,0.0,0.0,0.0,0.0,0.0,0.0,0.0,0.0,0.10999999999999988,0.0,0.10999999999999988,0.0,0.0,0.0,0.0,0.0,0.0,0.0
83.66834170854271,83.62,0.21999999999999886,0.0,0.0,0.0,0.0,0.0,0.0,0.0,0.0,0.0,0.0,0.0,0.0,0.0,0.0,0.0,0.0,0.0,0.0,0.0,0.0,0.0,0.0,0.0,0.0,0.0,0.0,0.0,0.0,0.0,0.0,0.0,0.0,0.0,0.0,0.0,0.0,0.0,0.0,0.0,0.0,0.0,0.10999999999999988,0.0,0.10999999999999988,0.0,0.0,0.0,0.0,0.0,0.0,0.0
84.12060301507537,84.02,0.10999999999999943,0.0,0.0,0.0,0.0,0.0,0.0,0.0,0.0,0.0,0.0,0.0,0.0,0.0,0.0,0.0,0.0,0.0,0.0,0.0,0.0,0.0,0.0,0.0,0.0,0.0,0.0,0.0,0.0,0.0,0.0,0.0,0.0,0.0,0.0,0.0,0.0,0.0,0.0,0.0,0.0,0.0,0.10999999999999988,0.0,0.0,0.0,0.0,0.0,0.0,0.0,0.0,0.0
84.57286432160804,84.37,0.10999999999999943,0.0,0.0,0.0,0.0,0.0,0.0,0.0,0.0,0.0,0.0,0.0,0.0,0.0,0.0,0.0,0.0,0.0,0.0,0.0,0.0,0.0,0.0,0.0,0.0,0.0,0.0,0.0,0.0,0.0,0.0,0.0,0.0,0.0,0.0,0.0,0.0,0.0,0.0,0.0,0.0,0.0,0.10999999999999988,0.0,0.0,0.0,0.0,0.0,0.0,0.0,0.0,0.0
85.0251256281407,85.02,0.10999999999999943,0.0,0.0,0.0,0.0,0.0,0.0,0.0,0.0,0.0,0.0,0.0,0.0,0.0,0.0,0.0,0.0,0.0,0.0,0.0,0.0,0.0,0.0,0.0,0.0,0.0,0.0,0.0,0.0,0.0,0.0,0.0,0.0,0.0,0.0,0.0,0.0,0.0,0.0,0.0,0.0,0.0,0.10999999999999988,0.0,0.0,0.0,0.0,0.0,0.0,0.0,0.0,0.0
85.47738693467336,85.45,0.10999999999999943,0.0,0.0,0.0,0.0,0.0,0.0,0.0,0.0,0.0,0.0,0.0,0.0,0.0,0.0,0.0,0.0,0.0,0.0,0.0,0.0,0.0,0.0,0.0,0.0,0.0,0.0,0.0,0.0,0.0,0.0,0.0,0.0,0.0,0.0,0.0,0.0,0.0,0.0,0.0,0.0,0.0,0.10999999999999988,0.0,0.0,0.0,0.0,0.0,0.0,0.0,0.0,0.0
85.92964824120602,85.87,0.10999999999999943,0.0,0.0,0.0,0.0,0.0,0.0,0.0,0.0,0.0,0.0,0.0,0.0,0.0,0.0,0.0,0.0,0.0,0.0,0.0,0.0,0.0,0.0,0.0,0.0,0.0,0.0,0.0,0.0,0.0,0.0,0.0,0.0,0.0,0.0,0.0,0.0,0.0,0.0,0.0,0.0,0.0,0.10999999999999988,0.0,0.0,0.0,0.0,0.0,0.0,0.0,0.0,0.0
86.38190954773869,86.27,0.10999999999999943,0.0,0.0,0.0,0.0,0.0,0.0,0.0,0.0,0.0,0.0,0.0,0.0,0.0,0.0,0.0,0.0,0.0,0.0,0.0,0.0,0.0,0.0,0.0,0.0,0.0,0.0,0.0,0.0,0.0,0.0,0.0,0.0,0.0,0.0,0.0,0.0,0.0,0.0,0.0,0.0,0.0,0.10999999999999988,0.0,0.0,0.0,0.0,0.0,0.0,0.0,0.0,0.0
86.83417085427136,86.78,0.10999999999999943,0.0,0.0,0.0,0.0,0.0,0.0,0.0,0.0,0.0,0.0,0.0,0.0,0.0,0.0,0.0,0.0,0.0,0.0,0.0,0.0,0.0,0.0,0.0,0.0,0.0,0.0,0.0,0.0,0.0,0.0,0.0,0.0,0.0,0.0,0.0,0.0,0.0,0.0,0.0,0.0,0.0,0.10999999999999988,0.0,0.0,0.0,0.0,0.0,0.0,0.0,0.0,0.0
87.28643216080403,87.28,0.10999999999999943,0.0,0.0,0.0,0.0,0.0,0.0,0.0,0.0,0.0,0.0,0.0,0.0,0.0,0.0,0.0,0.0,0.0,0.0,0.0,0.0,0.0,0.0,0.0,0.0,0.0,0.0,0.0,0.0,0.0,0.0,0.0,0.0,0.0,0.0,0.0,0.0,0.0,0.0,0.0,0.0,0.0,0.10999999999999988,0.0,0.0,0.0,0.0,0.0,0.0,0.0,0.0,0.0
87.73869346733669,87.72,0.0,0.0,0.0,0.0,0.0,0.0,0.0,0.0,0.0,0.0,0.0,0.0,0.0,0.0,0.0,0.0,0.0,0.0,0.0,0.0,0.0,0.0,0.0,0.0,0.0,0.0,0.0,0.0,0.0,0.0,0.0,0.0,0.0,0.0,0.0,0.0,0.0,0.0,0.0,0.0,0.0,0.0,0.0,0.0,0.0,0.0,0.0,0.0,0.0,0.0,0.0,0.0
88.19095477386935,88.17,0.0,0.0,0.0,0.0,0.0,0.0,0.0,0.0,0.0,0.0,0.0,0.0,0.0,0.0,0.0,0.0,0.0,0.0,0.0,0.0,0.0,0.0,0.0,0.0,0.0,0.0,0.0,0.0,0.0,0.0,0.0,0.0,0.0,0.0,0.0,0.0,0.0,0.0,0.0,0.0,0.0,0.0,0.0,0.0,0.0,0.0,0.0,0.0,0.0,0.0,0.0,0.0
88.64321608040201,88.52,0.0,0.0,0.0,0.0,0.0,0.0,0.0,0.0,0.0,0.0,0.0,0.0,0.0,0.0,0.0,0.0,0.0,0.0,0.0,0.0,0.0,0.0,0.0,0.0,0.0,0.0,0.0,0.0,0.0,0.0,0.0,0.0,0.0,0.0,0.0,0.0,0.0,0.0,0.0,0.0,0.0,0.0,0.0,0.0,0.0,0.0,0.0,0.0,0.0,0.0,0.0,0.0
89.09547738693468,88.97,0.0,0.0,0.0,0.0,0.0,0.0,0.0,0.0,0.0,0.0,0.0,0.0,0.0,0.0,0.0,0.0,0.0,0.0,0.0,0.0,0.0,0.0,0.0,0.0,0.0,0.0,0.0,0.0,0.0,0.0,0.0,0.0,0.0,0.0,0.0,0.0,0.0,0.0,0.0,0.0,0.0,0.0,0.0,0.0,0.0,0.0,0.0,0.0,0.0,0.0,0.0,0.0
89.54773869346734,89.49,0.0,0.0,0.0,0.0,0.0,0.0,0.0,0.0,0.0,0.0,0.0,0.0,0.0,0.0,0.0,0.0,0.0,0.0,0.0,0.0,0.0,0.0,0.0,0.0,0.0,0.0,0.0,0.0,0.0,0.0,0.0,0.0,0.0,0.0,0.0,0.0,0.0,0.0,0.0,0.0,0.0,0.0,0.0,0.0,0.0,0.0,0.0,0.0,0.0,0.0,0.0,0.0
90.0,89.95,0.0,0.0,0.0,0.0,0.0,0.0,0.0,0.0,0.0,0.0,0.0,0.0,0.0,0.0,0.0,0.0,0.0,0.0,0.0,0.0,0.0,0.0,0.0,0.0,0.0,0.0,0.0,0.0,0.0,0.0,0.0,0.0,0.0,0.0,0.0,0.0,0.0,0.0,0.0,0.0,0.0,0.0,0.0,0.0,0.0,0.0,0.0,0.0,0.0,0.0,0.0,0.0
