{
    "risk_equitable_ops": 62.32,
    "total_load_served_equitable_ops": 79.75,
    "risk_ops": 62.32,
    "risk_upper_bound": 62.41206030150754,
    "load_served_ops": {
        "32": 3.33,
        "29": 1.94,
        "1": 1.08,
        "2": 0.97,
        "41": 1.25,
        "51": 1.28,
        "27": 1.95,
        "42": 1.6,
        "33": 1.81,
        "28": 2.65,
        "50": 1.81,
        "26": 1.75,
        "10": 1.95,
        "24": 1.25,
        "25": 1.71,
        "23": 1.36,
        "49": 3.33,
        "5": 0.71,
        "31": 1.0,
        "43": 1.75,
        "39": 0.0,
        "34": 1.28,
        "44": 1.95,
        "17": 1.28,
        "37": 1.8,
        "47": 3.17,
        "9": 1.75,
        "12": 1.94,
        "20": 1.8,
        "6": 1.36,
        "14": 1.0,
        "7": 1.25,
        "8": 1.71,
        "19": 0.97,
        "4": 0.74,
        "22": 0.71,
        "11": 2.65,
        "35": 1.08,
        "13": 3.17,
        "15": 3.33,
        "16": 1.81,
        "40": 0.0,
        "46": 1.94,
        "21": 0.74,
        "38": 0.0,
        "45": 2.65,
        "36": 0.97,
        "48": 1.0,
        "18": 1.08,
        "30": 3.17,
        "3": 1.8
    },
    "demand": {
        "32": 3.33,
        "29": 1.94,
        "1": 1.08,
        "2": 0.97,
        "41": 1.25,
        "51": 1.28,
        "27": 1.95,
        "42": 1.71,
        "33": 1.81,
        "28": 2.65,
        "50": 1.81,
        "26": 1.75,
        "10": 1.95,
        "24": 1.25,
        "25": 1.71,
        "23": 1.36,
        "49": 3.33,
        "5": 0.71,
        "31": 1.0,
        "43": 1.75,
        "39": 0.71,
        "34": 1.28,
        "44": 1.95,
        "17": 1.28,
        "37": 1.8,
        "47": 3.17,
        "9": 1.75,
        "12": 1.94,
        "20": 1.8,
        "6": 1.36,
        "14": 1.0,
        "7": 1.25,
        "8": 1.71,
        "19": 0.97,
        "4": 0.74,
        "22": 0.71,
        "11": 2.65,
        "35": 1.08,
        "13": 3.17,
        "15": 3.33,
        "16": 1.81,
        "40": 1.36,
        "21": 0.74,
        "38": 0.74,
        "46": 1.94,
        "45": 2.65,
        "36": 0.97,
        "48": 1.0,
        "18": 1.08,
        "30": 3.17,
        "3": 1.8
    },
    "load_served_equitable_ops": {
        "32": 3.16,
        "29": 1.94,
        "1": 1.08,
        "2": 0.97,
        "41": 0.55,
        "51": 1.28,
        "27": 1.95,
        "42": 0.55,
        "33": 1.81,
        "28": 2.65,
        "50": 1.81,
        "26": 1.75,
        "10": 1.95,
        "24": 1.25,
        "25": 1.71,
        "23": 1.36,
        "49": 3.16,
        "5": 0.71,
        "31": 1.0,
        "43": 1.13,
        "39": 0.71,
        "34": 1.28,
        "44": 0.83,
        "17": 1.28,
        "37": 1.12,
        "47": 3.17,
        "9": 1.75,
        "12": 1.94,
        "20": 1.8,
        "6": 1.36,
        "14": 1.0,
        "7": 1.25,
        "8": 1.71,
        "19": 0.97,
        "4": 0.74,
        "22": 0.71,
        "11": 2.65,
        "35": 0.83,
        "13": 3.16,
        "15": 3.16,
        "16": 1.81,
        "40": 0.82,
        "46": 1.94,
        "21": 0.74,
        "38": 0.74,
        "45": 2.65,
        "36": 0.82,
        "48": 1.0,
        "18": 1.08,
        "30": 3.16,
        "3": 1.8
    },
    "total_demand": 85.5,
    "log_constant": 0.0001,
    "total_load_served_ops": 82.58
}
